,Reporting starts,Reporting ends,Campaign name,Delivery,Mobile app installs,Mobile app actions,Cost per mobile app install (GBP),Cost per mobile app action (GBP),Desktop app installs,Desktop app engagement,Cost per desktop app install (GBP),Cost per desktop app engagement (GBP),Post reactions,Post comments,Post shares
0,2014-02-21,2018-01-29,Campaign1,0,11451.0,,1.2756833464326,,,,,,1807.0,42.0,133.0
1,2015-12-04,2015-12-04,Campaign2,inactive,,,,,,,,,2.0,,
2,2015-10-21,2015-10-21,Campaign3,inactive,2.0,,3.53,,,,,,2.0,,
3,2015-10-20,2015-10-20,Campaign3,inactive,2.0,,16.5,,,,,,15.0,,
4,2015-10-20,2015-10-20,Campaign4,inactive,,,,,,,,,,,
5,2015-10-19,2015-10-19,Campaign4,inactive,17.0,,0.8823529411764699,,,,,,27.0,1.0,
6,2015-10-19,2015-10-19,Campaign3,inactive,2.0,,6.6,,,,,,15.0,,
7,2015-10-18,2015-10-18,Campaign4,inactive,30.0,,1.1,,,,,,71.0,,
8,2015-10-17,2015-10-17,Campaign5,inactive,1.0,,7.57,,,,,,,,
9,2015-10-17,2015-10-17,Campaign4,inactive,26.0,,1.2692307692308,,,,,,91.0,,
10,2015-10-16,2015-10-16,Campaign4,inactive,11.0,,1.0627272727273,,,,,,17.0,,
11,2015-10-16,2015-10-16,Campaign5,inactive,15.0,,2.1946666666667,,,,,,2.0,,
12,2015-10-15,2015-10-15,Campaign5,inactive,26.0,,1.2669230769231001,,,,,,2.0,,
13,2015-10-14,2015-10-14,Campaign5,inactive,,,,,,,,,,,
14,2015-09-17,2015-09-17,Campaign6,inactive,2.0,,1.64,,,,,,1.0,,
15,2015-08-28,2015-08-28,Campaign7,inactive,,,,,,,,,,,
16,2015-08-27,2015-08-27,Campaign7,inactive,,,,,,,,,,,
17,2015-07-16,2015-07-16,Campaign8,inactive,1.0,,1.5,,,,,,,,
18,2015-07-16,2015-07-16,Campaign9,inactive,,,,,,,,,,,
19,2015-07-16,2015-07-16,Campaign10,inactive,,,,,,,,,,,
20,2015-07-16,2015-07-16,Campaign11,inactive,,,,,,,,,,,
21,2015-07-16,2015-07-16,Campaign12,inactive,1.0,,2.19,,,,,,,,
22,2015-07-16,2015-07-16,Campaign13,inactive,,,,,,,,,,,
23,2015-07-15,2015-07-15,Campaign10,inactive,,,,,,,,,,,
24,2015-07-15,2015-07-15,Campaign14,inactive,,,,,,,,,,,
25,2015-07-15,2015-07-15,Campaign11,inactive,,,,,,,,,,,
26,2015-07-15,2015-07-15,Campaign12,inactive,,,,,,,,,,,
27,2015-07-15,2015-07-15,Campaign13,inactive,,,,,,,,,,,
28,2015-07-15,2015-07-15,Campaign8,inactive,,,,,,,,,,,
29,2015-07-15,2015-07-15,Campaign9,inactive,,,,,,,,,,,
30,2015-07-14,2015-07-14,Campaign13,inactive,,,,,,,,,,,
31,2015-07-14,2015-07-14,Campaign14,inactive,,,,,,,,,,,
32,2015-07-14,2015-07-14,Campaign10,inactive,,,,,,,,,,,
33,2015-07-14,2015-07-14,Campaign9,inactive,,,,,,,,,,,
34,2015-07-14,2015-07-14,Campaign12,inactive,,,,,,,,,,,
35,2015-07-14,2015-07-14,Campaign11,inactive,,,,,,,,,,,
36,2015-07-16,2015-07-16,Campaign15,inactive,,,,,,,,,,,
37,2015-07-15,2015-07-15,Campaign15,inactive,,,,,,,,,,,
38,2015-07-14,2015-07-14,Campaign15,inactive,,,,,,,,,,,
39,2015-11-05,2015-11-05,Campaign16,inactive,,,,,,,,,2.0,,
40,2015-11-04,2015-11-04,Campaign16,inactive,15.0,,2.372,,,,,,4.0,,1.0
41,2015-11-03,2015-11-03,Campaign16,inactive,12.0,,2.75,,,,,,4.0,,
42,2015-11-02,2015-11-02,Campaign16,inactive,25.0,,1.32,,,,,,8.0,,
43,2015-11-01,2015-11-01,Campaign16,inactive,25.0,,1.32,,,,,,8.0,,
44,2015-10-31,2015-10-31,Campaign16,inactive,13.0,,2.5384615384615,,,,,,6.0,,
45,2015-09-11,2015-09-11,Campaign17,inactive,10.0,,1.864,,,,,,5.0,,1.0
46,2015-09-10,2015-09-10,Campaign17,inactive,24.0,,1.375,,,,,,7.0,,
47,2015-09-09,2015-09-09,Campaign17,inactive,16.0,,2.0625,,,,,,5.0,,1.0
48,2015-09-08,2015-09-08,Campaign17,inactive,3.0,,5.36,,,,,,3.0,,1.0
49,2015-09-08,2015-09-08,Campaign16,inactive,9.0,,1.2411111111111002,,,,,,4.0,,
50,2015-09-07,2015-09-07,Campaign16,inactive,16.0,,2.0625,,,,,,17.0,,4.0
51,2015-09-06,2015-09-06,Campaign16,inactive,28.0,,1.1785714285714,,,,,,16.0,,2.0
52,2015-09-05,2015-09-05,Campaign16,inactive,17.0,,1.9411764705882002,,,,,,18.0,,3.0
53,2015-09-04,2015-09-04,Campaign16,inactive,25.0,,1.3196,,,,,,18.0,,2.0
54,2015-09-03,2015-09-03,Campaign16,inactive,17.0,,1.9411764705882002,,,,,,14.0,,
55,2015-09-02,2015-09-02,Campaign16,inactive,24.0,,1.375,,,,,,11.0,,2.0
56,2015-09-01,2015-09-01,Campaign16,inactive,21.0,,1.5714285714286,,,,,,15.0,,
57,2015-08-31,2015-08-31,Campaign16,inactive,33.0,,1.0,,,,,,14.0,,1.0
58,2015-08-30,2015-08-30,Campaign16,inactive,13.0,,2.5369230769231,,,,,,11.0,,1.0
59,2015-08-29,2015-08-29,Campaign16,inactive,18.0,,1.8311111111111,,,,,,3.0,,1.0
60,2015-08-28,2015-08-28,Campaign16,inactive,14.0,,1.3507142857143,,,,,,3.0,,
61,2015-08-05,2015-08-05,Campaign17,inactive,1.0,,0.0,,,,,,,,
62,2015-08-05,2015-08-05,Campaign16,inactive,5.0,,2.144,,,,,,,,
63,2015-08-04,2015-08-04,Campaign16,inactive,,,,,,,,,,,
64,2015-08-04,2015-08-04,Campaign17,inactive,2.0,,1.105,,,,,,,,
65,2015-08-03,2015-08-03,Campaign17,inactive,,,,,,,,,,,
66,2015-08-03,2015-08-03,Campaign16,inactive,2.0,,2.165,,,,,,,,
67,2015-08-02,2015-08-02,Campaign17,inactive,3.0,,1.0,,,,,,,,
68,2015-08-02,2015-08-02,Campaign16,inactive,10.0,,1.136,,,,,,,,
69,2015-08-01,2015-08-01,Campaign17,inactive,1.0,,2.1,,,,,,,,
70,2015-08-01,2015-08-01,Campaign16,inactive,,,,,,,,,,,
71,2015-07-31,2015-07-31,Campaign16,inactive,,,,,,,,,,,
72,2015-07-31,2015-07-31,Campaign17,inactive,1.0,,2.22,,,,,,,,
73,2015-07-30,2015-07-30,Campaign17,inactive,,,,,,,,,,,
74,2015-07-30,2015-07-30,Campaign16,inactive,,,,,,,,,,,
75,2015-07-29,2015-07-29,Campaign16,inactive,1.0,,2.06,,,,,,,,
76,2015-07-29,2015-07-29,Campaign17,inactive,1.0,,1.0,,,,,,,,
77,2015-07-28,2015-07-28,Campaign16,inactive,7.0,,1.0314285714286,,,,,,,,
78,2015-07-28,2015-07-28,Campaign17,inactive,3.0,,1.41,,,,,,2.0,,
79,2015-07-27,2015-07-27,Campaign16,inactive,7.0,,1.0985714285714,,,,,,2.0,,1.0
80,2015-07-27,2015-07-27,Campaign17,inactive,2.0,,2.045,,,,,,2.0,,
81,2015-07-26,2015-07-26,Campaign16,inactive,17.0,,1.24,,,,,,1.0,,
82,2015-07-26,2015-07-26,Campaign17,inactive,8.0,,1.39375,,,,,,1.0,,
83,2015-07-25,2015-07-25,Campaign16,inactive,6.0,,1.26,,,,,,2.0,,
84,2015-07-25,2015-07-25,Campaign17,inactive,4.0,,1.5875,,,,,,,,
85,2015-07-24,2015-07-24,Campaign16,inactive,5.0,,1.526,,,,,,,,
86,2015-07-24,2015-07-24,Campaign17,inactive,3.0,,2.1366666666667,,,,,,,,
87,2015-07-23,2015-07-23,Campaign16,inactive,9.0,,1.33,,,,,,1.0,,1.0
88,2015-07-23,2015-07-23,Campaign17,inactive,5.0,,1.754,,,,,,,,
89,2015-07-22,2015-07-22,Campaign16,inactive,5.0,,1.208,,,,,,3.0,,
90,2015-07-22,2015-07-22,Campaign17,inactive,6.0,,1.6683333333333001,,,,,,,,
91,2015-07-21,2015-07-21,Campaign16,inactive,13.0,,1.6723076923076998,,,,,,1.0,,
92,2015-07-21,2015-07-21,Campaign17,inactive,7.0,,1.5314285714286,,,,,,1.0,,
93,2015-07-20,2015-07-20,Campaign16,inactive,18.0,,1.235,,,,,,5.0,,1.0
94,2015-07-20,2015-07-20,Campaign17,inactive,16.0,,1.03125,,,,,,2.0,,
95,2015-07-19,2015-07-19,Campaign16,inactive,18.0,,1.2694444444444,,,,,,1.0,,
96,2015-07-19,2015-07-19,Campaign17,inactive,24.0,,1.1791666666667,,,,,,4.0,,1.0
97,2015-07-18,2015-07-18,Campaign16,inactive,18.0,,1.31,,,,,,2.0,,
98,2015-07-18,2015-07-18,Campaign17,inactive,23.0,,1.1056521739129999,,,,,,,,
99,2015-07-17,2015-07-17,Campaign16,inactive,12.0,,1.3683333333333,,,,,,2.0,,
100,2015-07-17,2015-07-17,Campaign17,inactive,7.0,,1.71,,,,,,2.0,,
101,2015-07-16,2015-07-16,Campaign18,inactive,2.0,,0.75,,,,,,,,
102,2015-07-16,2015-07-16,Campaign19,inactive,,,,,,,,,,,
103,2015-07-16,2015-07-16,Campaign20,inactive,,,,,,,,,,,
104,2015-07-16,2015-07-16,Campaign21,inactive,,,,,,,,,,,
105,2015-07-16,2015-07-16,Campaign22,inactive,,,,,,,,,,,
106,2015-07-16,2015-07-16,Campaign23,inactive,2.0,,2.15,,,,,,,,
107,2015-07-16,2015-07-16,Campaign24,inactive,,,,,,,,,,,
108,2015-07-16,2015-07-16,Campaign25,inactive,,,,,,,,,,,
109,2015-07-16,2015-07-16,Campaign26,inactive,,,,,,,,,,,
110,2015-07-16,2015-07-16,Campaign17,inactive,15.0,,1.8326666666667,,,,,,2.0,,1.0
111,2015-07-16,2015-07-16,Campaign27,inactive,,,,,,,,,,,
112,2015-07-16,2015-07-16,Campaign16,inactive,25.0,,1.464,,,,,,3.0,,1.0
113,2015-07-15,2015-07-15,Campaign27,inactive,1.0,,2.14,,,,,,,,
114,2015-07-15,2015-07-15,Campaign18,inactive,,,,,,,,,1.0,,1.0
115,2015-07-15,2015-07-15,Campaign23,inactive,5.0,,1.5119999999999998,,,,,,,,
116,2015-07-15,2015-07-15,Campaign24,inactive,,,,,,,,,,,
117,2015-07-15,2015-07-15,Campaign19,inactive,,,,,,,,,,,
118,2015-07-15,2015-07-15,Campaign25,inactive,,,,,,,,,1.0,,
119,2015-07-15,2015-07-15,Campaign16,inactive,54.0,,1.502962962963,,,,,,8.0,,
120,2015-07-15,2015-07-15,Campaign21,inactive,,,,,,,,,1.0,,
121,2015-07-15,2015-07-15,Campaign17,inactive,24.0,,1.6570833333333002,,,,,,5.0,,
122,2015-07-15,2015-07-15,Campaign28,inactive,,,,,,,,,,,
123,2015-07-15,2015-07-15,Campaign20,inactive,2.0,,2.16,,,,,,,,
124,2015-07-14,2015-07-14,Campaign16,inactive,21.0,,1.7180952380952002,,,,,,1.0,,
125,2015-07-14,2015-07-14,Campaign17,inactive,15.0,,1.7173333333333,,,,,,2.0,,1.0
126,2015-07-14,2015-07-14,Campaign25,inactive,1.0,,1.5,,,,,,,,
127,2015-07-14,2015-07-14,Campaign27,inactive,1.0,,2.2,,,,,,2.0,,
128,2015-07-14,2015-07-14,Campaign21,inactive,,,,,,,,,,,
129,2015-07-14,2015-07-14,Campaign20,inactive,,,,,,,,,,,
130,2015-07-14,2015-07-14,Campaign23,inactive,2.0,,1.57,,,,,,,,
131,2015-07-14,2015-07-14,Campaign19,inactive,,,,,,,,,,,
132,2015-07-14,2015-07-14,Campaign28,inactive,,,,,,,,,,,
133,2015-07-14,2015-07-14,Campaign22,inactive,,,,,,,,,,,
134,2015-07-14,2015-07-14,Campaign18,inactive,,,,,,,,,,,
135,2015-07-14,2015-07-14,Campaign24,inactive,,,,,,,,,,,
136,2015-07-13,2015-07-13,Campaign17,inactive,3.0,,1.39,,,,,,,,
137,2015-07-13,2015-07-13,Campaign25,inactive,1.0,,2.06,,,,,,,,
138,2015-07-13,2015-07-13,Campaign16,inactive,4.0,,1.675,,,,,,,,
139,2015-07-13,2015-07-13,Campaign27,inactive,1.0,,2.25,,,,,,,,
140,2015-07-13,2015-07-13,Campaign20,inactive,,,,,,,,,,,
141,2015-07-13,2015-07-13,Campaign23,inactive,1.0,,2.22,,,,,,,,
142,2015-07-13,2015-07-13,Campaign19,inactive,,,,,,,,,,,
143,2015-10-31,2015-10-31,Campaign29,inactive,14.0,,2.3357142857142996,,,,,,5.0,,
144,2015-10-30,2015-10-30,Campaign29,inactive,17.0,,1.9411764705882002,,,,,,7.0,,
145,2015-10-29,2015-10-29,Campaign29,inactive,18.0,,1.8333333333333,,,,,,3.0,,
146,2015-10-28,2015-10-28,Campaign29,inactive,19.0,,1.7368421052631997,,,,,,4.0,,
147,2015-10-27,2015-10-27,Campaign29,inactive,16.0,,2.0625,,,,,,5.0,,
148,2015-10-26,2015-10-26,Campaign29,inactive,12.0,,2.75,,,,,,8.0,,
149,2015-10-25,2015-10-25,Campaign29,inactive,19.0,,1.7336842105263002,,,,,,3.0,,
150,2015-10-24,2015-10-24,Campaign29,inactive,14.0,,2.3571428571429,,,,,,4.0,,1.0
151,2015-10-23,2015-10-23,Campaign29,inactive,20.0,,1.65,,,,,,6.0,,
152,2015-10-22,2015-10-22,Campaign29,inactive,17.0,,1.9382352941176,,,,,,4.0,,
153,2015-10-21,2015-10-21,Campaign29,inactive,19.0,,1.7368421052631997,,,,,,6.0,,2.0
154,2015-08-28,2015-08-28,Campaign29,inactive,3.0,,2.2966666666667,,,,,,,,
155,2015-08-27,2015-08-27,Campaign29,inactive,21.0,,1.5714285714286,,,,,,8.0,,
156,2015-08-26,2015-08-26,Campaign29,inactive,18.0,,1.8294444444443998,,,,,,6.0,,
157,2015-08-25,2015-08-25,Campaign29,inactive,20.0,,1.65,,,,,,8.0,,
158,2015-08-24,2015-08-24,Campaign29,inactive,22.0,,1.5,,,,,,5.0,,
159,2015-08-23,2015-08-23,Campaign29,inactive,17.0,,1.9382352941176,,,,,,4.0,1.0,
160,2015-08-22,2015-08-22,Campaign29,inactive,13.0,,2.5369230769231,,,,,,4.0,2.0,
161,2015-08-21,2015-08-21,Campaign29,inactive,16.0,,2.060625,,,,,,5.0,,1.0
162,2015-08-20,2015-08-20,Campaign29,inactive,25.0,,1.3192,,,,,,6.0,,
163,2015-08-19,2015-08-19,Campaign29,inactive,24.0,,1.3720833333333,,,,,,2.0,,1.0
164,2015-08-18,2015-08-18,Campaign29,inactive,14.0,,2.3535714285714002,,,,,,3.0,,1.0
165,2015-08-17,2015-08-17,Campaign29,inactive,28.0,,1.1785714285714,,,,,,9.0,,1.0
166,2015-08-16,2015-08-16,Campaign29,inactive,27.0,,1.2222222222222,,,,,,10.0,2.0,2.0
167,2015-08-15,2015-08-15,Campaign29,inactive,38.0,,0.86842105263158,,,,,,7.0,,1.0
168,2015-08-14,2015-08-14,Campaign29,inactive,24.0,,1.375,,,,,,20.0,,3.0
169,2015-08-13,2015-08-13,Campaign29,inactive,22.0,,1.5,,,,,,6.0,,
170,2015-08-12,2015-08-12,Campaign29,inactive,17.0,,1.9411764705882002,,,,,,3.0,,
171,2015-08-11,2015-08-11,Campaign29,inactive,42.0,,1.0404761904761999,,,,,,5.0,,1.0
172,2015-08-10,2015-08-10,Campaign29,inactive,17.0,,2.0888235294118,,,,,,2.0,,
173,2015-08-09,2015-08-09,Campaign29,inactive,14.0,,2.3514285714286,,,,,,3.0,,
174,2015-08-08,2015-08-08,Campaign29,inactive,7.0,,4.7057142857143,,,,,,2.0,,
175,2015-08-07,2015-08-07,Campaign29,inactive,12.0,,2.75,,,,,,2.0,,
176,2015-08-06,2015-08-06,Campaign29,inactive,17.0,,1.9405882352941,,,,,,,,1.0
177,2015-08-05,2015-08-05,Campaign29,inactive,14.0,,2.3571428571429,,,,,,6.0,,
178,2015-08-04,2015-08-04,Campaign29,inactive,7.0,,1.4471428571429,,,,,,,,1.0
179,2015-08-03,2015-08-03,Campaign29,inactive,1.0,,2.12,,,,,,,,
180,2015-08-02,2015-08-02,Campaign29,inactive,5.0,,1.354,,,,,,1.0,,
181,2015-08-01,2015-08-01,Campaign29,inactive,4.0,,1.88,,,,,,,,
182,2015-07-31,2015-07-31,Campaign29,inactive,4.0,,1.5975,,,,,,2.0,,
183,2015-07-30,2015-07-30,Campaign29,inactive,4.0,,1.6175,,,,,,1.0,,
184,2015-07-29,2015-07-29,Campaign29,inactive,8.0,,1.40375,,,,,,,,
185,2015-07-28,2015-07-28,Campaign29,inactive,7.0,,1.2857142857143,,,,,,2.0,,
186,2015-07-27,2015-07-27,Campaign29,inactive,10.0,,1.1,,,,,,,,
187,2015-07-26,2015-07-26,Campaign29,inactive,14.0,,1.075,,,,,,5.0,,1.0
188,2015-07-25,2015-07-25,Campaign29,inactive,10.0,,1.212,,,,,,1.0,,
189,2015-07-24,2015-07-24,Campaign29,inactive,11.0,,1.0763636363636,,,,,,2.0,,
190,2015-07-23,2015-07-23,Campaign29,inactive,9.0,,1.5966666666667,,,,,,,,
191,2015-07-22,2015-07-22,Campaign29,inactive,16.0,,1.45375,,,,,,1.0,,
192,2015-07-21,2015-07-21,Campaign29,inactive,15.0,,1.446,,,,,,1.0,,
193,2015-07-20,2015-07-20,Campaign29,inactive,19.0,,1.5552631578946998,,,,,,1.0,,
194,2015-07-19,2015-07-19,Campaign29,inactive,14.0,,1.3921428571429,,,,,,3.0,,
195,2015-07-18,2015-07-18,Campaign29,inactive,15.0,,1.508,,,,,,1.0,,
196,2015-07-17,2015-07-17,Campaign29,inactive,13.0,,1.2438461538462,,,,,,,,
197,2015-07-16,2015-07-16,Campaign29,inactive,13.0,,1.2661538461538,,,,,,1.0,,1.0
198,2015-07-15,2015-07-15,Campaign29,inactive,34.0,,1.4723529411765,,,,,,1.0,,
199,2015-07-14,2015-07-14,Campaign29,inactive,36.0,,1.5163888888888999,,,,,,,,
200,2015-07-13,2015-07-13,Campaign29,inactive,13.0,,1.3892307692308,,,,,,4.0,,1.0
201,2015-07-10,2015-07-10,Campaign30,inactive,,,,,,,,,,,
202,2015-07-10,2015-07-10,Campaign31,inactive,,,,,,,,,,,
203,2015-07-10,2015-07-10,Campaign32,inactive,,,,,,,,,,,
204,2015-07-10,2015-07-10,Campaign33,inactive,,,,,,,,,,,
205,2015-07-10,2015-07-10,Campaign34,inactive,,,,,,,,,,,
206,2015-07-09,2015-07-09,Campaign31,inactive,,,,,,,,,,,
207,2015-07-09,2015-07-09,Campaign34,inactive,2.0,,2.735,,,,,,,,
208,2015-07-09,2015-07-09,Campaign32,inactive,,,,,,,,,,,
209,2015-07-09,2015-07-09,Campaign35,inactive,,,,,,,,,,,
210,2015-07-09,2015-07-09,Campaign33,inactive,,,,,,,,,,,
211,2015-07-09,2015-07-09,Campaign30,inactive,,,,,,,,,,,
212,2015-07-08,2015-07-08,Campaign34,inactive,3.0,,2.7466666666667003,,,,,,,,
213,2015-07-08,2015-07-08,Campaign35,inactive,,,,,,,,,,,
214,2015-07-08,2015-07-08,Campaign36,inactive,,,,,,,,,,,
215,2015-07-08,2015-07-08,Campaign33,inactive,4.0,,2.0025,,,,,,,,
216,2015-07-08,2015-07-08,Campaign37,inactive,,,,,,,,,,,
217,2015-07-08,2015-07-08,Campaign32,inactive,1.0,,3.0,,,,,,,,
218,2015-07-08,2015-07-08,Campaign38,inactive,,,,,,,,,,,
219,2015-07-08,2015-07-08,Campaign39,inactive,,,,,,,,,,,
220,2015-07-08,2015-07-08,Campaign31,inactive,,,,,,,,,,,
221,2015-07-08,2015-07-08,Campaign40,inactive,,,,,,,,,,,
222,2015-07-08,2015-07-08,Campaign30,inactive,,,,,,,,,,,
223,2015-07-07,2015-07-07,Campaign31,inactive,8.0,,2.8775,,,,,,1.0,,
224,2015-07-07,2015-07-07,Campaign32,inactive,1.0,,0.0,,,,,,,,
225,2015-07-07,2015-07-07,Campaign35,inactive,1.0,,0.0,,,,,,,,
226,2015-07-07,2015-07-07,Campaign36,inactive,,,,,,,,,,,
227,2015-07-07,2015-07-07,Campaign40,inactive,,,,,,,,,,,
228,2015-07-07,2015-07-07,Campaign41,inactive,,,,,,,,,,,
229,2015-07-07,2015-07-07,Campaign37,inactive,,,,,,,,,,,
230,2015-07-07,2015-07-07,Campaign38,inactive,,,,,,,,,,,
231,2015-07-07,2015-07-07,Campaign34,inactive,5.0,,2.648,,,,,,1.0,,
232,2015-07-07,2015-07-07,Campaign33,inactive,4.0,,2.02,,,,,,,,
233,2015-07-07,2015-07-07,Campaign39,inactive,,,,,,,,,,,
234,2015-07-07,2015-07-07,Campaign30,inactive,,,,,,,,,,,
235,2015-07-06,2015-07-06,Campaign42,inactive,,,,,,,,,,,
236,2015-07-06,2015-07-06,Campaign38,inactive,,,,,,,,,,,
237,2015-07-06,2015-07-06,Campaign30,inactive,1.0,,0.43,,,,,,,,
238,2015-07-06,2015-07-06,Campaign35,inactive,3.0,,1.39,,,,,,,,
239,2015-07-06,2015-07-06,Campaign33,inactive,1.0,,2.19,,,,,,,,
240,2015-07-06,2015-07-06,Campaign32,inactive,,,,,,,,,,,
241,2015-07-06,2015-07-06,Campaign36,inactive,,,,,,,,,,,
242,2015-07-06,2015-07-06,Campaign41,inactive,,,,,,,,,,,
243,2015-07-06,2015-07-06,Campaign40,inactive,,,,,,,,,,,
244,2015-07-06,2015-07-06,Campaign34,inactive,16.0,,2.418125,,,,,,1.0,,
245,2015-07-06,2015-07-06,Campaign31,inactive,9.0,,2.2755555555556004,,,,,,,,
246,2015-07-06,2015-07-06,Campaign39,inactive,,,,,,,,,,,
247,2015-07-06,2015-07-06,Campaign37,inactive,,,,,,,,,,,
248,2015-07-05,2015-07-05,Campaign39,inactive,,,,,,,,,,,
249,2015-07-05,2015-07-05,Campaign33,inactive,8.0,,2.41,,,,,,,,
250,2015-07-05,2015-07-05,Campaign40,inactive,,,,,,,,,,,
251,2015-07-05,2015-07-05,Campaign41,inactive,2.0,,1.44,,,,,,,,1.0
252,2015-07-05,2015-07-05,Campaign35,inactive,5.0,,2.292,,,,,,,,
253,2015-07-05,2015-07-05,Campaign34,inactive,8.0,,1.9925,,,,,,,,
254,2015-07-05,2015-07-05,Campaign31,inactive,11.0,,2.3254545454545,,,,,,4.0,,1.0
255,2015-07-05,2015-07-05,Campaign37,inactive,,,,,,,,,,,
256,2015-07-05,2015-07-05,Campaign38,inactive,,,,,,,,,1.0,,
257,2015-07-05,2015-07-05,Campaign32,inactive,,,,,,,,,,,
258,2015-07-05,2015-07-05,Campaign36,inactive,,,,,,,,,,,
259,2015-07-05,2015-07-05,Campaign42,inactive,3.0,,2.87,,,,,,,,
260,2015-07-04,2015-07-04,Campaign41,inactive,,,,,,,,,,,
261,2015-07-04,2015-07-04,Campaign35,inactive,1.0,,2.73,,,,,,,,
262,2015-07-04,2015-07-04,Campaign31,inactive,10.0,,2.3369999999999997,,,,,,1.0,,
263,2015-07-04,2015-07-04,Campaign36,inactive,,,,,,,,,,,
264,2015-07-04,2015-07-04,Campaign34,inactive,5.0,,2.872,,,,,,,,
265,2015-07-04,2015-07-04,Campaign33,inactive,3.0,,2.6966666666667,,,,,,,,
266,2015-07-04,2015-07-04,Campaign37,inactive,,,,,,,,,,,
267,2015-07-04,2015-07-04,Campaign42,inactive,,,,,,,,,,,
268,2015-07-04,2015-07-04,Campaign38,inactive,,,,,,,,,,,
269,2015-07-04,2015-07-04,Campaign39,inactive,,,,,,,,,,,
270,2015-07-03,2015-07-03,Campaign34,inactive,1.0,,0.0,,,,,,,,
271,2015-07-03,2015-07-03,Campaign39,inactive,,,,,,,,,,,
272,2015-07-03,2015-07-03,Campaign41,inactive,,,,,,,,,,,
273,2015-07-03,2015-07-03,Campaign38,inactive,,,,,,,,,,,
274,2015-07-03,2015-07-03,Campaign31,inactive,6.0,,1.705,,,,,,2.0,,
275,2015-07-03,2015-07-03,Campaign32,inactive,,,,,,,,,,,
276,2015-07-03,2015-07-03,Campaign33,inactive,,,,,,,,,,,
277,2015-07-03,2015-07-03,Campaign40,inactive,,,,,,,,,,,
278,2015-07-03,2015-07-03,Campaign37,inactive,,,,,,,,,,,
279,2015-07-03,2015-07-03,Campaign42,inactive,3.0,,2.7866666666667004,,,,,,,,
280,2015-07-03,2015-07-03,Campaign36,inactive,,,,,,,,,,,
281,2015-07-03,2015-07-03,Campaign35,inactive,,,,,,,,,,,
282,2015-07-02,2015-07-02,Campaign37,inactive,,,,,,,,,,,
283,2015-07-02,2015-07-02,Campaign38,inactive,,,,,,,,,,,
284,2015-07-02,2015-07-02,Campaign33,inactive,,,,,,,,,,,
285,2015-07-02,2015-07-02,Campaign42,inactive,,,,,,,,,,,
286,2015-07-01,2015-07-01,Campaign37,inactive,,,,,,,,,,,
287,2015-07-01,2015-07-01,Campaign38,inactive,,,,,,,,,,,
288,2015-06-30,2015-06-30,Campaign38,inactive,1.0,,2.7,,,,,,,,
289,2015-06-30,2015-06-30,Campaign37,inactive,,,,,,,,,,,
290,2015-06-29,2015-06-29,Campaign37,inactive,,,,,,,,,,,
291,2015-06-29,2015-06-29,Campaign38,inactive,1.0,,2.99,,,,,,,,
292,2015-06-28,2015-06-28,Campaign37,inactive,,,,,,,,,,,
293,2015-06-28,2015-06-28,Campaign38,inactive,,,,,,,,,,,
294,2015-06-23,2015-06-23,Campaign37,inactive,,,,,,,,,,,
295,2015-06-23,2015-06-23,Campaign38,inactive,,,,,,,,,,,
296,2015-06-22,2015-06-22,Campaign37,inactive,,,,,,,,,,,
297,2015-06-22,2015-06-22,Campaign38,inactive,1.0,,2.97,,,,,,1.0,,
298,2015-06-21,2015-06-21,Campaign38,inactive,,,,,,,,,,,
299,2015-06-21,2015-06-21,Campaign37,inactive,,,,,,,,,,,
300,2015-06-20,2015-06-20,Campaign38,inactive,1.0,,2.73,,,,,,,,
301,2015-06-19,2015-06-19,Campaign38,inactive,1.0,,2.43,,,,,,,,
302,2015-06-19,2015-06-19,Campaign37,inactive,,,,,,,,,,,
303,2015-06-18,2015-06-18,Campaign37,inactive,,,,,,,,,,,
304,2015-06-17,2015-06-17,Campaign37,inactive,,,,,,,,,,,
305,2015-06-16,2015-06-16,Campaign37,inactive,,,,,,,,,,,
306,2015-07-07,2015-07-07,Campaign43,inactive,,,,,,,,,,,
307,2015-07-06,2015-07-06,Campaign43,inactive,,,,,,,,,,,
308,2015-07-05,2015-07-05,Campaign43,inactive,,,,,,,,,,,
309,2015-07-01,2015-07-01,Campaign43,inactive,,,,,,,,,,,
310,2015-06-30,2015-06-30,Campaign43,inactive,,,,,,,,,,,
311,2015-06-29,2015-06-29,Campaign43,inactive,,,,,,,,,,,
312,2015-06-28,2015-06-28,Campaign43,inactive,,,,,,,,,,,
313,2015-06-21,2015-06-21,Campaign43,inactive,,,,,,,,,,,
314,2015-06-19,2015-06-19,Campaign43,inactive,,,,,,,,,,,
315,2015-07-10,2015-07-10,Campaign44,inactive,,,,,,,,,,,
316,2015-07-10,2015-07-10,Campaign45,inactive,2.0,,2.94,,,,,,,,
317,2015-07-10,2015-07-10,Campaign46,inactive,,,,,,,,,,,
318,2015-07-10,2015-07-10,Campaign47,inactive,,,,,,,,,,,
319,2015-07-10,2015-07-10,Campaign48,inactive,,,,,,,,,,,
320,2015-07-10,2015-07-10,Campaign49,inactive,,,,,,,,,,,
321,2015-07-10,2015-07-10,Campaign50,inactive,,,,,,,,,1.0,,
322,2015-07-10,2015-07-10,Campaign51,inactive,,,,,,,,,,,
323,2015-07-09,2015-07-09,Campaign51,inactive,2.0,,2.575,,,,,,,,
324,2015-07-09,2015-07-09,Campaign49,inactive,,,,,,,,,,,
325,2015-07-09,2015-07-09,Campaign47,inactive,,,,,,,,,,,
326,2015-07-09,2015-07-09,Campaign44,inactive,,,,,,,,,,,
327,2015-07-09,2015-07-09,Campaign45,inactive,7.0,,1.6542857142857,,,,,,,,
328,2015-07-09,2015-07-09,Campaign48,inactive,,,,,,,,,,,
329,2015-07-09,2015-07-09,Campaign50,inactive,,,,,,,,,,,
330,2015-07-09,2015-07-09,Campaign46,inactive,1.0,,2.98,,,,,,,,
331,2015-07-08,2015-07-08,Campaign45,inactive,3.0,,2.8433333333333,,,,,,,,
332,2015-07-08,2015-07-08,Campaign47,inactive,,,,,,,,,,,
333,2015-07-08,2015-07-08,Campaign52,inactive,,,,,,,,,,,
334,2015-07-08,2015-07-08,Campaign51,inactive,13.0,,1.6415384615384998,,,,,,,,
335,2015-07-08,2015-07-08,Campaign49,inactive,,,,,,,,,,,
336,2015-07-08,2015-07-08,Campaign50,inactive,,,,,,,,,,,
337,2015-07-08,2015-07-08,Campaign46,inactive,2.0,,2.925,,,,,,,,
338,2015-07-08,2015-07-08,Campaign53,inactive,,,,,,,,,,,
339,2015-07-08,2015-07-08,Campaign48,inactive,,,,,,,,,,,
340,2015-07-08,2015-07-08,Campaign44,inactive,,,,,,,,,,,
341,2015-07-07,2015-07-07,Campaign49,inactive,,,,,,,,,,,
342,2015-07-07,2015-07-07,Campaign54,inactive,,,,,,,,,,,
343,2015-07-07,2015-07-07,Campaign50,inactive,3.0,,1.9666666666666999,,,,,,,,
344,2015-07-07,2015-07-07,Campaign55,inactive,,,,,,,,,,,
345,2015-07-07,2015-07-07,Campaign51,inactive,31.0,,2.4916129032258,,,,,,2.0,,
346,2015-07-07,2015-07-07,Campaign52,inactive,,,,,,,,,,,
347,2015-07-07,2015-07-07,Campaign56,inactive,,,,,,,,,,,
348,2015-07-07,2015-07-07,Campaign47,inactive,,,,,,,,,,,
349,2015-07-07,2015-07-07,Campaign44,inactive,,,,,,,,,,,
350,2015-07-07,2015-07-07,Campaign46,inactive,1.0,,2.83,,,,,,1.0,,
351,2015-07-07,2015-07-07,Campaign53,inactive,,,,,,,,,,,
352,2015-07-07,2015-07-07,Campaign48,inactive,,,,,,,,,,,
353,2015-07-07,2015-07-07,Campaign45,inactive,7.0,,2.9271428571428997,,,,,,,,
354,2015-07-06,2015-07-06,Campaign54,inactive,,,,,,,,,,,
355,2015-07-06,2015-07-06,Campaign48,inactive,,,,,,,,,,,
356,2015-07-06,2015-07-06,Campaign49,inactive,,,,,,,,,,,
357,2015-07-06,2015-07-06,Campaign52,inactive,1.0,,2.26,,,,,,,,
358,2015-07-06,2015-07-06,Campaign55,inactive,,,,,,,,,,,
359,2015-07-06,2015-07-06,Campaign50,inactive,,,,,,,,,,,
360,2015-07-06,2015-07-06,Campaign51,inactive,19.0,,2.6,,,,,,2.0,,
361,2015-07-06,2015-07-06,Campaign44,inactive,4.0,,0.9375,,,,,,,,
362,2015-07-06,2015-07-06,Campaign46,inactive,2.0,,2.915,,,,,,,,
363,2015-07-06,2015-07-06,Campaign45,inactive,4.0,,2.7525,,,,,,1.0,,
364,2015-07-06,2015-07-06,Campaign47,inactive,,,,,,,,,,,
365,2015-07-06,2015-07-06,Campaign56,inactive,,,,,,,,,,,
366,2015-07-06,2015-07-06,Campaign53,inactive,,,,,,,,,,,
367,2015-07-05,2015-07-05,Campaign56,inactive,,,,,,,,,,,
368,2015-07-05,2015-07-05,Campaign49,inactive,,,,,,,,,,,
369,2015-07-05,2015-07-05,Campaign44,inactive,7.0,,2.5828571428571,,,,,,3.0,,
370,2015-07-05,2015-07-05,Campaign48,inactive,,,,,,,,,,,
371,2015-07-05,2015-07-05,Campaign53,inactive,,,,,,,,,,,
372,2015-07-05,2015-07-05,Campaign54,inactive,,,,,,,,,,,
373,2015-07-05,2015-07-05,Campaign45,inactive,6.0,,2.5033333333332997,,,,,,1.0,,
374,2015-07-05,2015-07-05,Campaign47,inactive,1.0,,3.4,,,,,,1.0,,
375,2015-07-05,2015-07-05,Campaign50,inactive,3.0,,2.87,,,,,,,,
376,2015-07-05,2015-07-05,Campaign52,inactive,1.0,,2.33,,,,,,,,
377,2015-07-05,2015-07-05,Campaign55,inactive,,,,,,,,,,,
378,2015-07-05,2015-07-05,Campaign51,inactive,27.0,,2.5644444444444,,,,,,2.0,,
379,2015-07-05,2015-07-05,Campaign46,inactive,,,,,,,,,,,
380,2015-07-04,2015-07-04,Campaign56,inactive,1.0,,3.0,,,,,,,,
381,2015-07-04,2015-07-04,Campaign45,inactive,1.0,,2.99,,,,,,,,
382,2015-07-04,2015-07-04,Campaign46,inactive,1.0,,2.93,,,,,,,,
383,2015-07-04,2015-07-04,Campaign51,inactive,10.0,,2.048,,,,,,,,
384,2015-07-04,2015-07-04,Campaign44,inactive,12.0,,2.5725,,,,,,1.0,,
385,2015-07-04,2015-07-04,Campaign47,inactive,,,,,,,,,,,
386,2015-07-04,2015-07-04,Campaign50,inactive,2.0,,2.645,,,,,,,,
387,2015-07-04,2015-07-04,Campaign48,inactive,,,,,,,,,,,
388,2015-07-04,2015-07-04,Campaign49,inactive,,,,,,,,,,,
389,2015-07-04,2015-07-04,Campaign54,inactive,,,,,,,,,,,
390,2015-07-04,2015-07-04,Campaign52,inactive,,,,,,,,,,,
391,2015-07-03,2015-07-03,Campaign51,inactive,6.0,,2.5,,,,,,1.0,,
392,2015-07-03,2015-07-03,Campaign46,inactive,,,,,,,,,,,
393,2015-07-03,2015-07-03,Campaign53,inactive,,,,,,,,,,,
394,2015-07-03,2015-07-03,Campaign52,inactive,1.0,,2.13,,,,,,,,
395,2015-07-03,2015-07-03,Campaign44,inactive,3.0,,2.6233333333332998,,,,,,2.0,,
396,2015-07-03,2015-07-03,Campaign48,inactive,,,,,,,,,,,
397,2015-07-03,2015-07-03,Campaign47,inactive,,,,,,,,,,,
398,2015-07-03,2015-07-03,Campaign55,inactive,,,,,,,,,,,
399,2015-07-03,2015-07-03,Campaign56,inactive,2.0,,1.485,,,,,,,,
400,2015-07-03,2015-07-03,Campaign49,inactive,,,,,,,,,,,
401,2015-07-03,2015-07-03,Campaign50,inactive,1.0,,2.67,,,,,,1.0,,
402,2015-07-03,2015-07-03,Campaign54,inactive,,,,,,,,,,,
403,2015-07-03,2015-07-03,Campaign45,inactive,2.0,,2.465,,,,,,,,
404,2015-07-02,2015-07-02,Campaign46,inactive,1.0,,3.0,,,,,,,,
405,2015-07-02,2015-07-02,Campaign49,inactive,,,,,,,,,,,
406,2015-07-02,2015-07-02,Campaign54,inactive,,,,,,,,,,,
407,2015-07-02,2015-07-02,Campaign47,inactive,,,,,,,,,1.0,,
408,2015-07-02,2015-07-02,Campaign53,inactive,,,,,,,,,,,
409,2015-07-02,2015-07-02,Campaign56,inactive,,,,,,,,,,,
410,2015-07-02,2015-07-02,Campaign45,inactive,2.0,,1.47,,,,,,,,
411,2015-07-02,2015-07-02,Campaign55,inactive,,,,,,,,,,,
412,2015-07-02,2015-07-02,Campaign44,inactive,1.0,,2.97,,,,,,,,
413,2015-07-02,2015-07-02,Campaign50,inactive,1.0,,2.99,,,,,,,,
414,2015-07-02,2015-07-02,Campaign52,inactive,2.0,,2.375,,,,,,,,
415,2015-07-02,2015-07-02,Campaign48,inactive,,,,,,,,,,,
416,2015-07-02,2015-07-02,Campaign51,inactive,2.0,,2.985,,,,,,,,
417,2015-07-01,2015-07-01,Campaign49,inactive,,,,,,,,,,,
418,2015-07-01,2015-07-01,Campaign46,inactive,,,,,,,,,,,
419,2015-07-01,2015-07-01,Campaign48,inactive,,,,,,,,,,,
420,2015-07-01,2015-07-01,Campaign47,inactive,,,,,,,,,,,
421,2015-07-01,2015-07-01,Campaign45,inactive,,,,,,,,,,,
422,2015-07-01,2015-07-01,Campaign50,inactive,,,,,,,,,3.0,,
423,2015-07-01,2015-07-01,Campaign55,inactive,,,,,,,,,,,
424,2015-07-01,2015-07-01,Campaign52,inactive,,,,,,,,,1.0,,
425,2015-07-01,2015-07-01,Campaign54,inactive,,,,,,,,,,,
426,2015-07-01,2015-07-01,Campaign56,inactive,,,,,,,,,,,
427,2015-07-01,2015-07-01,Campaign51,inactive,,,,,,,,,,,
428,2015-07-01,2015-07-01,Campaign44,inactive,,,,,,,,,1.0,,1.0
429,2015-06-30,2015-06-30,Campaign46,inactive,,,,,,,,,1.0,,
430,2015-06-30,2015-06-30,Campaign54,inactive,,,,,,,,,,,
431,2015-06-30,2015-06-30,Campaign55,inactive,,,,,,,,,,,
432,2015-06-30,2015-06-30,Campaign50,inactive,4.0,,1.43,,,,,,,,
433,2015-06-30,2015-06-30,Campaign44,inactive,,,,,,,,,,,
434,2015-06-30,2015-06-30,Campaign53,inactive,,,,,,,,,,,
435,2015-06-30,2015-06-30,Campaign45,inactive,2.0,,1.5,,,,,,,,
436,2015-06-30,2015-06-30,Campaign47,inactive,,,,,,,,,,,
437,2015-06-30,2015-06-30,Campaign51,inactive,1.0,,2.96,,,,,,1.0,,
438,2015-06-30,2015-06-30,Campaign48,inactive,,,,,,,,,,,
439,2015-06-30,2015-06-30,Campaign56,inactive,1.0,,0.0,,,,,,,,
440,2015-06-30,2015-06-30,Campaign49,inactive,,,,,,,,,,,
441,2015-06-30,2015-06-30,Campaign52,inactive,,,,,,,,,,,
442,2015-06-29,2015-06-29,Campaign45,inactive,5.0,,2.8160000000000003,,,,,,,,
443,2015-06-29,2015-06-29,Campaign44,inactive,,,,,,,,,,,
444,2015-06-29,2015-06-29,Campaign53,inactive,,,,,,,,,,,
445,2015-06-29,2015-06-29,Campaign51,inactive,3.0,,2.7766666666667,,,,,,1.0,,
446,2015-06-29,2015-06-29,Campaign54,inactive,,,,,,,,,,,
447,2015-06-29,2015-06-29,Campaign55,inactive,1.0,,0.0,,,,,,,,
448,2015-06-29,2015-06-29,Campaign49,inactive,1.0,,0.0,,,,,,,,
449,2015-06-29,2015-06-29,Campaign56,inactive,2.0,,2.9,,,,,,1.0,,
450,2015-06-29,2015-06-29,Campaign47,inactive,,,,,,,,,1.0,,
451,2015-06-29,2015-06-29,Campaign52,inactive,,,,,,,,,,,
452,2015-06-29,2015-06-29,Campaign50,inactive,12.0,,2.3858333333333,,,,,,,,
453,2015-06-29,2015-06-29,Campaign48,inactive,,,,,,,,,,,
454,2015-06-29,2015-06-29,Campaign46,inactive,,,,,,,,,,,
455,2015-06-28,2015-06-28,Campaign52,inactive,,,,,,,,,,,
456,2015-06-28,2015-06-28,Campaign45,inactive,,,,,,,,,,,
457,2015-06-28,2015-06-28,Campaign53,inactive,,,,,,,,,,,
458,2015-06-28,2015-06-28,Campaign54,inactive,,,,,,,,,,,
459,2015-06-28,2015-06-28,Campaign56,inactive,,,,,,,,,,,
460,2015-06-28,2015-06-28,Campaign55,inactive,,,,,,,,,,,
461,2015-06-28,2015-06-28,Campaign47,inactive,,,,,,,,,,,
462,2015-06-28,2015-06-28,Campaign48,inactive,,,,,,,,,,,
463,2015-06-28,2015-06-28,Campaign51,inactive,,,,,,,,,,,
464,2015-06-28,2015-06-28,Campaign49,inactive,,,,,,,,,,,
465,2015-06-28,2015-06-28,Campaign50,inactive,,,,,,,,,,,
466,2015-06-28,2015-06-28,Campaign44,inactive,,,,,,,,,,,
467,2015-06-23,2015-06-23,Campaign52,inactive,,,,,,,,,,,
468,2015-06-23,2015-06-23,Campaign50,inactive,,,,,,,,,,,
469,2015-06-23,2015-06-23,Campaign48,inactive,,,,,,,,,,,
470,2015-06-23,2015-06-23,Campaign47,inactive,,,,,,,,,,,
471,2015-06-23,2015-06-23,Campaign44,inactive,2.0,,2.99,,,,,,,,
472,2015-06-23,2015-06-23,Campaign53,inactive,,,,,,,,,,,
473,2015-06-23,2015-06-23,Campaign56,inactive,,,,,,,,,,,
474,2015-06-23,2015-06-23,Campaign54,inactive,,,,,,,,,,,
475,2015-06-23,2015-06-23,Campaign49,inactive,,,,,,,,,,,
476,2015-06-23,2015-06-23,Campaign45,inactive,,,,,,,,,,,
477,2015-06-23,2015-06-23,Campaign51,inactive,,,,,,,,,,,
478,2015-06-22,2015-06-22,Campaign52,inactive,,,,,,,,,,,
479,2015-06-22,2015-06-22,Campaign56,inactive,,,,,,,,,,,
480,2015-06-22,2015-06-22,Campaign47,inactive,,,,,,,,,,,
481,2015-06-22,2015-06-22,Campaign51,inactive,1.0,,2.61,,,,,,1.0,,
482,2015-06-22,2015-06-22,Campaign55,inactive,,,,,,,,,,,
483,2015-06-22,2015-06-22,Campaign48,inactive,,,,,,,,,,,
484,2015-06-22,2015-06-22,Campaign44,inactive,3.0,,1.9933333333333,,,,,,,,
485,2015-06-22,2015-06-22,Campaign45,inactive,1.0,,0.03,,,,,,,,
486,2015-06-22,2015-06-22,Campaign53,inactive,,,,,,,,,,,
487,2015-06-22,2015-06-22,Campaign54,inactive,,,,,,,,,,,
488,2015-06-22,2015-06-22,Campaign50,inactive,2.0,,1.485,,,,,,,,
489,2015-06-22,2015-06-22,Campaign49,inactive,,,,,,,,,,,
490,2015-06-21,2015-06-21,Campaign48,inactive,,,,,,,,,,,
491,2015-06-21,2015-06-21,Campaign52,inactive,5.0,,2.3040000000000003,,,,,,,,
492,2015-06-21,2015-06-21,Campaign45,inactive,,,,,,,,,2.0,,
493,2015-06-21,2015-06-21,Campaign56,inactive,,,,,,,,,,,
494,2015-06-21,2015-06-21,Campaign50,inactive,,,,,,,,,1.0,,
495,2015-06-21,2015-06-21,Campaign54,inactive,,,,,,,,,,,
496,2015-06-21,2015-06-21,Campaign53,inactive,,,,,,,,,,,
497,2015-06-21,2015-06-21,Campaign55,inactive,,,,,,,,,,,
498,2015-06-21,2015-06-21,Campaign44,inactive,2.0,,2.78,,,,,,,,
499,2015-06-21,2015-06-21,Campaign51,inactive,5.0,,2.158,,,,,,2.0,,
500,2015-06-21,2015-06-21,Campaign47,inactive,,,,,,,,,,,
501,2015-06-21,2015-06-21,Campaign49,inactive,,,,,,,,,,,
502,2015-06-20,2015-06-20,Campaign45,inactive,1.0,,2.91,,,,,,,,
503,2015-06-20,2015-06-20,Campaign50,inactive,3.0,,2.8166666666667,,,,,,,,
504,2015-06-20,2015-06-20,Campaign53,inactive,,,,,,,,,,,
505,2015-06-20,2015-06-20,Campaign44,inactive,3.0,,1.9966666666667,,,,,,,,
506,2015-06-20,2015-06-20,Campaign51,inactive,1.0,,2.77,,,,,,,,
507,2015-06-20,2015-06-20,Campaign56,inactive,,,,,,,,,,,
508,2015-06-20,2015-06-20,Campaign55,inactive,,,,,,,,,,,
509,2015-06-20,2015-06-20,Campaign52,inactive,2.0,,2.34,,,,,,3.0,,
510,2015-06-20,2015-06-20,Campaign48,inactive,,,,,,,,,,,
511,2015-06-20,2015-06-20,Campaign54,inactive,,,,,,,,,,,
512,2015-06-20,2015-06-20,Campaign47,inactive,,,,,,,,,,,
513,2015-06-20,2015-06-20,Campaign49,inactive,1.0,,2.45,,,,,,,,
514,2015-06-19,2015-06-19,Campaign48,inactive,,,,,,,,,,,
515,2015-06-19,2015-06-19,Campaign44,inactive,6.0,,2.7833333333333,,,,,,,,
516,2015-06-19,2015-06-19,Campaign56,inactive,,,,,,,,,,,
517,2015-06-19,2015-06-19,Campaign54,inactive,,,,,,,,,,,
518,2015-06-19,2015-06-19,Campaign49,inactive,,,,,,,,,,,
519,2015-06-19,2015-06-19,Campaign50,inactive,4.0,,1.3275,,,,,,,,
520,2015-06-19,2015-06-19,Campaign45,inactive,2.0,,1.47,,,,,,,,
521,2015-06-19,2015-06-19,Campaign51,inactive,2.0,,1.18,,,,,,1.0,,
522,2015-06-19,2015-06-19,Campaign55,inactive,,,,,,,,,,,
523,2015-06-19,2015-06-19,Campaign47,inactive,,,,,,,,,,,
524,2015-06-19,2015-06-19,Campaign52,inactive,3.0,,2.3933333333333,,,,,,,,
525,2015-06-18,2015-06-18,Campaign56,inactive,,,,,,,,,,,
526,2015-06-18,2015-06-18,Campaign53,inactive,,,,,,,,,,,
527,2015-06-18,2015-06-18,Campaign50,inactive,1.0,,2.82,,,,,,1.0,,
528,2015-06-18,2015-06-18,Campaign52,inactive,,,,,,,,,,,
529,2015-06-18,2015-06-18,Campaign44,inactive,3.0,,1.9833333333333,,,,,,,,
530,2015-06-18,2015-06-18,Campaign45,inactive,,,,,,,,,,,
531,2015-06-18,2015-06-18,Campaign51,inactive,4.0,,0.75,,,,,,,,
532,2015-06-18,2015-06-18,Campaign55,inactive,,,,,,,,,,,
533,2015-06-18,2015-06-18,Campaign49,inactive,,,,,,,,,,,
534,2015-06-18,2015-06-18,Campaign54,inactive,,,,,,,,,,,
535,2015-06-18,2015-06-18,Campaign48,inactive,1.0,,2.5,,,,,,,,
536,2015-06-18,2015-06-18,Campaign47,inactive,,,,,,,,,,,
537,2015-06-17,2015-06-17,Campaign51,inactive,1.0,,1.64,,,,,,,,
538,2015-06-17,2015-06-17,Campaign49,inactive,1.0,,0.0,,,,,,,,
539,2015-06-17,2015-06-17,Campaign54,inactive,,,,,,,,,,,
540,2015-06-17,2015-06-17,Campaign50,inactive,,,,,,,,,,,
541,2015-06-17,2015-06-17,Campaign52,inactive,,,,,,,,,1.0,,
542,2015-06-17,2015-06-17,Campaign48,inactive,,,,,,,,,,,
543,2015-06-17,2015-06-17,Campaign45,inactive,,,,,,,,,,,
544,2015-06-17,2015-06-17,Campaign56,inactive,,,,,,,,,,,
545,2015-06-17,2015-06-17,Campaign53,inactive,,,,,,,,,,,
546,2015-06-17,2015-06-17,Campaign44,inactive,2.0,,1.39,,,,,,,,
547,2015-06-17,2015-06-17,Campaign55,inactive,,,,,,,,,,,
548,2015-06-17,2015-06-17,Campaign47,inactive,,,,,,,,,,,
549,2015-06-16,2015-06-16,Campaign44,inactive,,,,,,,,,1.0,,
550,2015-06-16,2015-06-16,Campaign48,inactive,1.0,,0.0,,,,,,,,
551,2015-06-16,2015-06-16,Campaign55,inactive,,,,,,,,,,,
552,2015-06-16,2015-06-16,Campaign52,inactive,1.0,,2.28,,,,,,,,
553,2015-06-16,2015-06-16,Campaign49,inactive,2.0,,1.235,,,,,,,,
554,2015-06-16,2015-06-16,Campaign51,inactive,,,,,,,,,,,
555,2015-06-16,2015-06-16,Campaign45,inactive,,,,,,,,,,,
556,2015-06-16,2015-06-16,Campaign56,inactive,,,,,,,,,,,
557,2015-06-16,2015-06-16,Campaign50,inactive,2.0,,1.08,,,,,,,,
558,2015-06-16,2015-06-16,Campaign47,inactive,,,,,,,,,,,
559,2015-06-16,2015-06-16,Campaign54,inactive,,,,,,,,,,,
560,2015-06-15,2015-06-15,Campaign49,inactive,,,,,,,,,,,
561,2015-06-15,2015-06-15,Campaign47,inactive,,,,,,,,,,,
562,2015-06-15,2015-06-15,Campaign50,inactive,,,,,,,,,,,
563,2015-06-15,2015-06-15,Campaign54,inactive,,,,,,,,,,,
564,2015-06-15,2015-06-15,Campaign51,inactive,2.0,,2.195,,,,,,,,
565,2015-06-15,2015-06-15,Campaign44,inactive,,,,,,,,,,,
566,2015-06-15,2015-06-15,Campaign48,inactive,,,,,,,,,,,
567,2015-06-14,2015-06-14,Campaign47,inactive,,,,,,,,,,,
568,2015-06-14,2015-06-14,Campaign51,inactive,3.0,,2.69,,,,,,,,
569,2015-06-14,2015-06-14,Campaign49,inactive,,,,,,,,,,,
570,2015-06-14,2015-06-14,Campaign50,inactive,4.0,,1.73,,,,,,1.0,,
571,2015-06-14,2015-06-14,Campaign48,inactive,,,,,,,,,,,
572,2015-06-14,2015-06-14,Campaign54,inactive,,,,,,,,,,,
573,2015-06-14,2015-06-14,Campaign44,inactive,,,,,,,,,,,
574,2015-06-13,2015-06-13,Campaign54,inactive,,,,,,,,,,,
575,2015-06-13,2015-06-13,Campaign50,inactive,,,,,,,,,,,
576,2015-06-13,2015-06-13,Campaign47,inactive,,,,,,,,,,,
577,2015-06-13,2015-06-13,Campaign51,inactive,,,,,,,,,,,
578,2015-06-13,2015-06-13,Campaign44,inactive,,,,,,,,,,,
579,2015-06-13,2015-06-13,Campaign48,inactive,,,,,,,,,,,
580,2015-06-12,2015-06-12,Campaign50,inactive,,,,,,,,,,,
581,2015-06-12,2015-06-12,Campaign44,inactive,,,,,,,,,,,
582,2015-06-12,2015-06-12,Campaign54,inactive,,,,,,,,,,,
583,2015-06-12,2015-06-12,Campaign51,inactive,1.0,,2.29,,,,,,,,
584,2015-06-12,2015-06-12,Campaign47,inactive,,,,,,,,,,,
585,2015-06-11,2015-06-11,Campaign50,inactive,,,,,,,,,,,
586,2015-06-11,2015-06-11,Campaign54,inactive,,,,,,,,,,,
587,2015-06-11,2015-06-11,Campaign47,inactive,,,,,,,,,,,
588,2015-06-11,2015-06-11,Campaign51,inactive,3.0,,1.6166666666667,,,,,,,,
589,2015-06-11,2015-06-11,Campaign44,inactive,,,,,,,,,,,
590,2015-06-10,2015-06-10,Campaign54,inactive,,,,,,,,,,,
591,2015-06-10,2015-06-10,Campaign51,inactive,1.0,,2.68,,,,,,,,
592,2015-06-10,2015-06-10,Campaign50,inactive,,,,,,,,,,,
593,2015-06-10,2015-06-10,Campaign47,inactive,1.0,,3.13,,,,,,,,
594,2015-06-09,2015-06-09,Campaign51,inactive,4.0,,1.265,,,,,,,,
595,2015-06-09,2015-06-09,Campaign47,inactive,1.0,,0.0,,,,,,,,
596,2015-07-06,2015-07-06,Campaign57,inactive,,,,,,,,,,,
597,2015-07-05,2015-07-05,Campaign57,inactive,,,,,,,,,,,
598,2015-07-04,2015-07-04,Campaign57,inactive,,,,,,,,,,,
599,2015-07-03,2015-07-03,Campaign57,inactive,,,,,,,,,,,
600,2015-07-02,2015-07-02,Campaign57,inactive,,,,,,,,,,,
601,2015-07-01,2015-07-01,Campaign57,inactive,,,,,,,,,,,
602,2015-06-30,2015-06-30,Campaign57,inactive,,,,,,,,,,,
603,2015-06-29,2015-06-29,Campaign57,inactive,,,,,,,,,,,
604,2015-06-28,2015-06-28,Campaign57,inactive,,,,,,,,,,,
605,2015-06-23,2015-06-23,Campaign57,inactive,,,,,,,,,,,
606,2015-06-22,2015-06-22,Campaign57,inactive,,,,,,,,,,,
607,2015-06-21,2015-06-21,Campaign57,inactive,,,,,,,,,,,
608,2015-06-20,2015-06-20,Campaign57,inactive,,,,,,,,,,,
609,2015-06-19,2015-06-19,Campaign57,inactive,,,,,,,,,,,
610,2015-06-18,2015-06-18,Campaign57,inactive,,,,,,,,,,,
611,2015-06-17,2015-06-17,Campaign57,inactive,,,,,,,,,,,
612,2015-06-14,2015-06-14,Campaign57,inactive,,,,,,,,,,,
613,2016-04-01,2016-04-01,Campaign58,inactive,13.0,,0.56,,,,,,,,
614,2016-03-31,2016-03-31,Campaign58,inactive,20.0,,0.815,,,,,,1.0,,
615,2016-03-30,2016-03-30,Campaign58,inactive,20.0,,0.815,,,,,,1.0,,
616,2016-03-29,2016-03-29,Campaign58,inactive,32.0,,0.509375,,,,,,3.0,,1.0
617,2016-03-28,2016-03-28,Campaign58,inactive,25.0,,0.652,,,,,,3.0,,
618,2016-03-27,2016-03-27,Campaign58,inactive,24.0,,0.67916666666667,,,,,,2.0,,1.0
619,2016-03-26,2016-03-26,Campaign58,inactive,19.0,,0.85789473684211,,,,,,1.0,,
620,2016-03-25,2016-03-25,Campaign58,inactive,18.0,,0.90555555555556,,,,,,4.0,,
621,2016-03-24,2016-03-24,Campaign58,inactive,15.0,,1.0866666666667,,,,,,4.0,,2.0
622,2016-03-23,2016-03-23,Campaign58,inactive,16.0,,1.01875,,,,,,4.0,,
623,2016-03-22,2016-03-22,Campaign58,inactive,24.0,,0.67916666666667,,,,,,4.0,,1.0
624,2016-03-21,2016-03-21,Campaign58,inactive,22.0,,0.7409090909090899,,,,,,3.0,,
625,2016-03-20,2016-03-20,Campaign58,inactive,22.0,,0.7409090909090899,,,,,,3.0,,1.0
626,2016-03-19,2016-03-19,Campaign58,inactive,27.0,,0.6037037037037,,,,,,3.0,,
627,2016-03-18,2016-03-18,Campaign58,inactive,18.0,,0.90555555555556,,,,,,,,
628,2016-03-17,2016-03-17,Campaign58,inactive,17.0,,0.95882352941176,,,,,,3.0,,
629,2016-03-16,2016-03-16,Campaign58,inactive,15.0,,1.0866666666667,,,,,,5.0,,1.0
630,2016-03-15,2016-03-15,Campaign58,inactive,25.0,,0.652,,,,,,,,
631,2016-03-14,2016-03-14,Campaign58,inactive,14.0,,1.1642857142857,,,,,,3.0,,
632,2016-03-13,2016-03-13,Campaign58,inactive,27.0,,0.6037037037037,,,,,,3.0,,
633,2016-03-12,2016-03-12,Campaign58,inactive,22.0,,0.7409090909090899,,,,,,2.0,1.0,
634,2016-03-11,2016-03-11,Campaign58,inactive,25.0,,0.652,,,,,,5.0,,
635,2016-03-10,2016-03-10,Campaign58,inactive,21.0,,0.77619047619048,,,,,,1.0,,
636,2016-03-09,2016-03-09,Campaign58,inactive,24.0,,0.67916666666667,,,,,,1.0,,
637,2016-03-08,2016-03-08,Campaign58,inactive,14.0,,1.1642857142857,,,,,,1.0,,
638,2016-03-07,2016-03-07,Campaign58,inactive,19.0,,0.85789473684211,,,,,,2.0,,
639,2016-03-06,2016-03-06,Campaign58,inactive,19.0,,0.85789473684211,,,,,,1.0,1.0,
640,2016-03-05,2016-03-05,Campaign58,inactive,21.0,,0.7752380952381,,,,,,2.0,,1.0
641,2016-03-04,2016-03-04,Campaign58,inactive,21.0,,0.77619047619048,,,,,,2.0,1.0,
642,2016-03-03,2016-03-03,Campaign58,inactive,30.0,,0.54333333333333,,,,,,2.0,,
643,2016-03-02,2016-03-02,Campaign58,inactive,22.0,,0.7409090909090899,,,,,,,1.0,
644,2016-03-01,2016-03-01,Campaign58,inactive,16.0,,1.01875,,,,,,2.0,,
645,2016-02-29,2016-02-29,Campaign58,inactive,23.0,,0.70869565217391,,,,,,1.0,,
646,2016-02-28,2016-02-28,Campaign58,inactive,24.0,,0.67916666666667,,,,,,10.0,,1.0
647,2016-02-27,2016-02-27,Campaign58,inactive,15.0,,1.0866666666667,,,,,,1.0,,1.0
648,2016-02-26,2016-02-26,Campaign58,inactive,17.0,,0.95882352941176,,,,,,3.0,,
649,2016-02-25,2016-02-25,Campaign58,inactive,15.0,,1.0866666666667,,,,,,2.0,,
650,2016-02-24,2016-02-24,Campaign58,inactive,29.0,,1.0524137931034,,,,,,2.0,,
651,2016-02-23,2016-02-23,Campaign58,inactive,37.0,,0.89189189189189,,,,,,4.0,1.0,2.0
652,2016-02-22,2016-02-22,Campaign58,inactive,39.0,,0.8461538461538499,,,,,,3.0,,
653,2016-02-21,2016-02-21,Campaign58,inactive,42.0,,0.78571428571429,,,,,,5.0,,
654,2016-02-20,2016-02-20,Campaign58,inactive,40.0,,0.825,,,,,,4.0,,1.0
655,2016-02-19,2016-02-19,Campaign58,inactive,42.0,,0.78571428571429,,,,,,5.0,1.0,
656,2016-02-18,2016-02-18,Campaign58,inactive,42.0,,0.78571428571429,,,,,,5.0,,1.0
657,2016-02-17,2016-02-17,Campaign58,inactive,48.0,,0.6875,,,,,,3.0,,1.0
658,2016-02-16,2016-02-16,Campaign58,inactive,31.0,,1.0645161290323002,,,,,,3.0,,
659,2016-02-15,2016-02-15,Campaign58,inactive,32.0,,1.03125,,,,,,6.0,,1.0
660,2016-02-14,2016-02-14,Campaign58,inactive,34.0,,0.97058823529412,,,,,,5.0,1.0,
661,2016-02-13,2016-02-13,Campaign58,inactive,47.0,,0.7021276595744699,,,,,,6.0,,2.0
662,2016-02-12,2016-02-12,Campaign58,inactive,26.0,,1.2692307692308,,,,,,3.0,,
663,2016-02-11,2016-02-11,Campaign58,inactive,34.0,,0.97058823529412,,,,,,3.0,,
664,2016-02-10,2016-02-10,Campaign58,inactive,38.0,,0.86842105263158,,,,,,2.0,1.0,
665,2016-02-09,2016-02-09,Campaign58,inactive,28.0,,1.1785714285714,,,,,,2.0,,
666,2016-02-08,2016-02-08,Campaign58,inactive,36.0,,0.90777777777778,,,,,,1.0,,
667,2016-02-07,2016-02-07,Campaign58,inactive,54.0,,0.60833333333333,,,,,,4.0,2.0,
668,2016-02-06,2016-02-06,Campaign58,inactive,41.0,,0.8034146341463398,,,,,,7.0,,
669,2016-02-05,2016-02-05,Campaign58,inactive,42.0,,0.78571428571429,,,,,,2.0,1.0,
670,2016-02-04,2016-02-04,Campaign58,inactive,33.0,,0.99060606060606,,,,,,5.0,,1.0
671,2016-02-03,2016-02-03,Campaign58,inactive,48.0,,0.68583333333333,,,,,,6.0,1.0,2.0
672,2016-02-02,2016-02-02,Campaign58,inactive,42.0,,0.77857142857143,,,,,,10.0,,
673,2016-02-01,2016-02-01,Campaign58,inactive,42.0,,0.785,,,,,,1.0,,
674,2016-01-31,2016-01-31,Campaign58,inactive,50.0,,0.6598,,,,,,,,1.0
675,2016-01-30,2016-01-30,Campaign58,inactive,42.0,,0.77857142857143,,,,,,3.0,,
676,2016-01-29,2016-01-29,Campaign58,inactive,20.0,,1.6375,,,,,,1.0,,
677,2016-01-28,2016-01-28,Campaign58,inactive,42.0,,0.78571428571429,,,,,,12.0,,
678,2016-01-27,2016-01-27,Campaign58,inactive,35.0,,0.94057142857143,,,,,,7.0,1.0,2.0
679,2016-01-26,2016-01-26,Campaign58,inactive,37.0,,0.8916216216216201,,,,,,4.0,,
680,2016-01-25,2016-01-25,Campaign58,inactive,31.0,,1.0474193548387,,,,,,2.0,,
681,2016-01-24,2016-01-24,Campaign58,inactive,39.0,,0.84538461538462,,,,,,4.0,,
682,2016-01-23,2016-01-23,Campaign58,inactive,47.0,,0.7021276595744699,,,,,,7.0,,
683,2016-01-22,2016-01-22,Campaign58,inactive,41.0,,0.80487804878049,,,,,,7.0,,
684,2016-01-21,2016-01-21,Campaign58,inactive,45.0,,0.73311111111111,,,,,,7.0,,
685,2016-01-20,2016-01-20,Campaign58,inactive,20.0,,1.6495,,,,,,7.0,1.0,
686,2016-01-19,2016-01-19,Campaign58,inactive,39.0,,0.8461538461538499,,,,,,5.0,,
687,2016-01-18,2016-01-18,Campaign58,inactive,38.0,,0.86842105263158,,,,,,4.0,,
688,2016-01-17,2016-01-17,Campaign58,inactive,41.0,,0.80487804878049,,,,,,7.0,1.0,1.0
689,2016-01-16,2016-01-16,Campaign58,inactive,46.0,,0.7173913043478299,,,,,,10.0,,1.0
690,2016-01-15,2016-01-15,Campaign58,inactive,31.0,,1.0645161290323002,,,,,,1.0,1.0,1.0
691,2016-01-14,2016-01-14,Campaign58,inactive,33.0,,1.0,,,,,,6.0,,
692,2016-01-13,2016-01-13,Campaign58,inactive,25.0,,1.32,,,,,,5.0,,
693,2016-01-12,2016-01-12,Campaign58,inactive,40.0,,0.825,,,,,,4.0,,
694,2016-01-11,2016-01-11,Campaign58,inactive,44.0,,0.75,,,,,,10.0,,
695,2016-01-10,2016-01-10,Campaign58,inactive,62.0,,0.53225806451613,,,,,,6.0,,
696,2016-01-09,2016-01-09,Campaign58,inactive,48.0,,0.6875,,,,,,9.0,,1.0
697,2016-01-08,2016-01-08,Campaign58,inactive,35.0,,0.94285714285714,,,,,,2.0,,1.0
698,2016-01-07,2016-01-07,Campaign58,inactive,32.0,,1.03125,,,,,,5.0,,
699,2016-01-06,2016-01-06,Campaign58,inactive,39.0,,0.84564102564103,,,,,,3.0,,1.0
700,2016-01-05,2016-01-05,Campaign58,inactive,33.0,,1.0,,,,,,4.0,,
701,2016-01-04,2016-01-04,Campaign58,inactive,59.0,,0.55932203389831,,,,,,4.0,,1.0
702,2015-12-24,2015-12-24,Campaign58,inactive,12.0,,1.5733333333333,,,,,,,,
703,2015-12-23,2015-12-23,Campaign58,inactive,37.0,,0.89189189189189,,,,,,4.0,,1.0
704,2015-12-22,2015-12-22,Campaign58,inactive,25.0,,1.32,,,,,,7.0,,1.0
705,2015-12-21,2015-12-21,Campaign58,inactive,28.0,,1.1785714285714,,,,,,6.0,,
706,2015-12-20,2015-12-20,Campaign58,inactive,39.0,,0.8461538461538499,,,,,,11.0,,
707,2015-12-19,2015-12-19,Campaign58,inactive,31.0,,1.0645161290323002,,,,,,7.0,,
708,2015-12-18,2015-12-18,Campaign58,inactive,26.0,,1.2692307692308,,,,,,3.0,,
709,2015-12-17,2015-12-17,Campaign58,inactive,41.0,,0.80487804878049,,,,,,2.0,,
710,2015-12-16,2015-12-16,Campaign58,inactive,40.0,,0.825,,,,,,8.0,,
711,2015-12-15,2015-12-15,Campaign58,inactive,49.0,,0.67265306122449,,,,,,4.0,,
712,2015-12-14,2015-12-14,Campaign58,inactive,40.0,,0.825,,,,,,3.0,,
713,2015-12-13,2015-12-13,Campaign58,inactive,44.0,,0.75,,,,,,10.0,,
714,2015-12-12,2015-12-12,Campaign58,inactive,32.0,,1.03125,,,,,,9.0,,
715,2015-12-11,2015-12-11,Campaign58,inactive,31.0,,1.0629032258065,,,,,,7.0,,
716,2015-12-10,2015-12-10,Campaign58,inactive,38.0,,0.86842105263158,,,,,,4.0,,
717,2015-12-09,2015-12-09,Campaign58,inactive,44.0,,0.75,,,,,,4.0,,
718,2015-12-08,2015-12-08,Campaign58,inactive,36.0,,0.91666666666667,,,,,,7.0,,
719,2015-12-07,2015-12-07,Campaign58,inactive,42.0,,0.78571428571429,,,,,,5.0,,
720,2015-12-06,2015-12-06,Campaign58,inactive,33.0,,1.0,,,,,,7.0,,
721,2015-12-05,2015-12-05,Campaign58,inactive,38.0,,0.8665789473684201,,,,,,7.0,,
722,2015-12-04,2015-12-04,Campaign58,inactive,30.0,,1.1,,,,,,3.0,,1.0
723,2015-12-03,2015-12-03,Campaign58,inactive,40.0,,0.77475,,,,,,5.0,,1.0
724,2015-12-02,2015-12-02,Campaign58,inactive,42.0,,0.78571428571429,,,,,,1.0,,
725,2015-12-01,2015-12-01,Campaign58,inactive,42.0,,0.78571428571429,,,,,,3.0,,
726,2015-11-25,2015-11-25,Campaign58,inactive,2.0,,8.085,,,,,,2.0,,
727,2015-11-23,2015-11-23,Campaign58,inactive,45.0,,0.73333333333333,,,,,,5.0,,
728,2015-11-22,2015-11-22,Campaign58,inactive,49.0,,0.6734693877551,,,,,,2.0,,
729,2015-11-21,2015-11-21,Campaign58,inactive,49.0,,0.6734693877551,,,,,,4.0,,
730,2015-11-20,2015-11-20,Campaign58,inactive,46.0,,0.7173913043478299,,,,,,7.0,,
731,2015-11-19,2015-11-19,Campaign58,inactive,40.0,,0.825,,,,,,2.0,,1.0
732,2015-11-18,2015-11-18,Campaign58,inactive,51.0,,0.64705882352941,,,,,,9.0,,1.0
733,2015-11-17,2015-11-17,Campaign58,inactive,37.0,,0.89189189189189,,,,,,3.0,,
734,2015-11-16,2015-11-16,Campaign58,inactive,63.0,,0.5238095238095201,,,,,,3.0,,
735,2015-11-15,2015-11-15,Campaign58,inactive,67.0,,0.49253731343284,,,,,,4.0,,
736,2015-11-14,2015-11-14,Campaign58,inactive,51.0,,0.64705882352941,,,,,,4.0,,
737,2015-11-13,2015-11-13,Campaign58,inactive,52.0,,0.63461538461538,,,,,,1.0,,
738,2015-11-12,2015-11-12,Campaign58,inactive,37.0,,0.89189189189189,,,,,,5.0,,1.0
739,2015-11-11,2015-11-11,Campaign58,inactive,48.0,,0.6875,,,,,,6.0,,
740,2015-11-10,2015-11-10,Campaign58,inactive,56.0,,0.58928571428571,,,,,,1.0,,
741,2015-11-09,2015-11-09,Campaign58,inactive,62.0,,0.53225806451613,,,,,,3.0,,
742,2015-11-08,2015-11-08,Campaign58,inactive,60.0,,0.55,,,,,,4.0,,
743,2015-11-07,2015-11-07,Campaign58,inactive,68.0,,0.48529411764706,,,,,,7.0,,
744,2015-11-06,2015-11-06,Campaign58,inactive,46.0,,0.7173913043478299,,,,,,4.0,,
745,2015-11-05,2015-11-05,Campaign58,inactive,51.0,,0.64705882352941,,,,,,4.0,,1.0
746,2015-09-29,2015-09-29,Campaign58,inactive,14.0,,1.0978571428571,,,,,,2.0,1.0,1.0
747,2015-09-28,2015-09-28,Campaign58,inactive,26.0,,1.2692307692308,,,,,,8.0,2.0,
748,2015-09-27,2015-09-27,Campaign58,inactive,44.0,,0.74772727272727,,,,,,6.0,1.0,
749,2015-09-26,2015-09-26,Campaign58,inactive,28.0,,1.1785714285714,,,,,,6.0,,2.0
750,2015-09-25,2015-09-25,Campaign58,inactive,42.0,,0.785,,,,,,2.0,,
751,2015-09-24,2015-09-24,Campaign58,inactive,37.0,,0.8913513513513499,,,,,,7.0,1.0,2.0
752,2015-09-23,2015-09-23,Campaign58,inactive,35.0,,0.94285714285714,,,,,,6.0,2.0,
753,2015-09-22,2015-09-22,Campaign58,inactive,27.0,,1.2174074074074,,,,,,,,
754,2015-09-21,2015-09-21,Campaign58,inactive,48.0,,0.6875,,,,,,2.0,,
755,2015-09-20,2015-09-20,Campaign58,inactive,56.0,,0.58928571428571,,,,,,6.0,,1.0
756,2015-09-19,2015-09-19,Campaign58,inactive,59.0,,0.55932203389831,,,,,,6.0,,
757,2015-09-18,2015-09-18,Campaign58,inactive,38.0,,0.86421052631579,,,,,,4.0,,
758,2015-09-17,2015-09-17,Campaign58,inactive,43.0,,0.76744186046512,,,,,,8.0,,
759,2015-09-16,2015-09-16,Campaign58,inactive,64.0,,0.51421875,,,,,,6.0,,
760,2015-09-15,2015-09-15,Campaign58,inactive,73.0,,0.45205479452055,,,,,,6.0,1.0,
761,2015-09-14,2015-09-14,Campaign58,inactive,13.0,,2.5330769230769,,,,,,3.0,1.0,2.0
762,2015-09-13,2015-09-13,Campaign58,inactive,28.0,,1.1785714285714,,,,,,5.0,1.0,
763,2015-09-12,2015-09-12,Campaign58,inactive,18.0,,1.8333333333333,,,,,,6.0,,
764,2015-09-11,2015-09-11,Campaign58,inactive,3.0,,3.25,,,,,,1.0,,
765,2015-07-16,2015-07-16,Campaign58,inactive,,,,,,,,,,,
766,2015-07-15,2015-07-15,Campaign58,inactive,,,,,,,,,,,
767,2015-07-14,2015-07-14,Campaign58,inactive,,,,,,,,,,,
768,2015-07-13,2015-07-13,Campaign58,inactive,,,,,,,,,,,
769,2015-07-12,2015-07-12,Campaign58,inactive,,,,,,,,,,,
770,2015-07-10,2015-07-10,Campaign59,inactive,,,,,,,,,,,
771,2015-07-10,2015-07-10,Campaign60,inactive,,,,,,,,,,,
772,2015-07-10,2015-07-10,Campaign61,inactive,,,,,,,,,,,
773,2015-07-10,2015-07-10,Campaign58,inactive,,,,,,,,,,,
774,2015-07-09,2015-07-09,Campaign58,inactive,,,,,,,,,,,
775,2015-07-09,2015-07-09,Campaign59,inactive,,,,,,,,,,,
776,2015-07-09,2015-07-09,Campaign61,inactive,,,,,,,,,,,
777,2015-07-09,2015-07-09,Campaign62,inactive,,,,,,,,,,,
778,2015-07-09,2015-07-09,Campaign60,inactive,,,,,,,,,,,
779,2015-07-08,2015-07-08,Campaign61,inactive,,,,,,,,,,,
780,2015-07-08,2015-07-08,Campaign58,inactive,,,,,,,,,1.0,,
781,2015-07-08,2015-07-08,Campaign59,inactive,,,,,,,,,,,
782,2015-07-08,2015-07-08,Campaign63,inactive,,,,,,,,,,,
783,2015-07-08,2015-07-08,Campaign60,inactive,1.0,,2.9,,,,,,,,
784,2015-07-08,2015-07-08,Campaign64,inactive,,,,,,,,,,,
785,2015-07-07,2015-07-07,Campaign62,inactive,,,,,,,,,,,
786,2015-07-07,2015-07-07,Campaign59,inactive,,,,,,,,,,,
787,2015-07-07,2015-07-07,Campaign60,inactive,2.0,,1.45,,,,,,,,
788,2015-07-07,2015-07-07,Campaign61,inactive,3.0,,1.6366666666667,,,,,,,,
789,2015-07-07,2015-07-07,Campaign65,inactive,,,,,,,,,,,
790,2015-07-07,2015-07-07,Campaign66,inactive,,,,,,,,,,,
791,2015-07-07,2015-07-07,Campaign63,inactive,,,,,,,,,,,
792,2015-07-07,2015-07-07,Campaign58,inactive,1.0,,2.44,,,,,,,,
793,2015-07-07,2015-07-07,Campaign64,inactive,,,,,,,,,,,
794,2015-07-07,2015-07-07,Campaign67,inactive,,,,,,,,,,,
795,2015-07-06,2015-07-06,Campaign61,inactive,8.0,,1.54125,,,,,,,,
796,2015-07-06,2015-07-06,Campaign59,inactive,,,,,,,,,,,
797,2015-07-06,2015-07-06,Campaign65,inactive,,,,,,,,,,,
798,2015-07-06,2015-07-06,Campaign66,inactive,,,,,,,,,,,
799,2015-07-06,2015-07-06,Campaign67,inactive,,,,,,,,,,,
800,2015-07-06,2015-07-06,Campaign64,inactive,,,,,,,,,,,
801,2015-07-06,2015-07-06,Campaign62,inactive,,,,,,,,,,,
802,2015-07-06,2015-07-06,Campaign68,inactive,,,,,,,,,,,
803,2015-07-06,2015-07-06,Campaign63,inactive,1.0,,2.49,,,,,,,,
804,2015-07-06,2015-07-06,Campaign60,inactive,2.0,,2.69,,,,,,,,
805,2015-07-06,2015-07-06,Campaign58,inactive,,,,,,,,,,,
806,2015-07-05,2015-07-05,Campaign63,inactive,,,,,,,,,,,
807,2015-07-05,2015-07-05,Campaign58,inactive,2.0,,2.41,,,,,,,,
808,2015-07-05,2015-07-05,Campaign66,inactive,,,,,,,,,,,
809,2015-07-05,2015-07-05,Campaign65,inactive,,,,,,,,,,,
810,2015-07-05,2015-07-05,Campaign59,inactive,,,,,,,,,,,
811,2015-07-05,2015-07-05,Campaign62,inactive,,,,,,,,,,,
812,2015-07-05,2015-07-05,Campaign68,inactive,,,,,,,,,,,
813,2015-07-05,2015-07-05,Campaign67,inactive,,,,,,,,,,,
814,2015-07-05,2015-07-05,Campaign64,inactive,,,,,,,,,,,
815,2015-07-05,2015-07-05,Campaign61,inactive,6.0,,2.4466666666667,,,,,,,,
816,2015-07-05,2015-07-05,Campaign69,inactive,10.0,,2.748,,,,,,8.0,,1.0
817,2015-07-05,2015-07-05,Campaign60,inactive,2.0,,2.5,,,,,,,,
818,2015-07-04,2015-07-04,Campaign61,inactive,3.0,,2.9733333333333,,,,,,,,
819,2015-07-04,2015-07-04,Campaign63,inactive,,,,,,,,,,,
820,2015-07-04,2015-07-04,Campaign60,inactive,2.0,,2.78,,,,,,2.0,,
821,2015-07-04,2015-07-04,Campaign65,inactive,,,,,,,,,,,
822,2015-07-04,2015-07-04,Campaign58,inactive,,,,,,,,,,,
823,2015-07-04,2015-07-04,Campaign66,inactive,,,,,,,,,,,
824,2015-07-04,2015-07-04,Campaign68,inactive,,,,,,,,,,,
825,2015-07-03,2015-07-03,Campaign65,inactive,,,,,,,,,,,
826,2015-07-03,2015-07-03,Campaign68,inactive,,,,,,,,,,,
827,2015-07-03,2015-07-03,Campaign58,inactive,2.0,,2.355,,,,,,,,
828,2015-07-03,2015-07-03,Campaign61,inactive,9.0,,1.7711111111111,,,,,,2.0,,1.0
829,2015-07-03,2015-07-03,Campaign66,inactive,,,,,,,,,,,
830,2015-07-03,2015-07-03,Campaign60,inactive,4.0,,2.31,,,,,,2.0,,
831,2015-07-03,2015-07-03,Campaign62,inactive,,,,,,,,,,,
832,2015-07-03,2015-07-03,Campaign63,inactive,,,,,,,,,,,
833,2015-07-02,2015-07-02,Campaign63,inactive,,,,,,,,,,,
834,2015-07-02,2015-07-02,Campaign65,inactive,,,,,,,,,,,
835,2015-07-02,2015-07-02,Campaign66,inactive,,,,,,,,,,,
836,2015-07-02,2015-07-02,Campaign68,inactive,,,,,,,,,,,
837,2015-07-02,2015-07-02,Campaign69,inactive,6.0,,1.9666666666666999,,,,,,1.0,,
838,2015-07-02,2015-07-02,Campaign58,inactive,,,,,,,,,,,
839,2015-07-02,2015-07-02,Campaign60,inactive,1.0,,2.46,,,,,,,,
840,2015-07-02,2015-07-02,Campaign61,inactive,13.0,,2.3253846153846003,,,,,,8.0,,
841,2015-07-01,2015-07-01,Campaign61,inactive,11.0,,2.1381818181818,,,,,,4.0,,
842,2015-07-01,2015-07-01,Campaign68,inactive,,,,,,,,,,,
843,2015-07-01,2015-07-01,Campaign65,inactive,,,,,,,,,,,
844,2015-07-01,2015-07-01,Campaign66,inactive,,,,,,,,,,,
845,2015-07-01,2015-07-01,Campaign60,inactive,,,,,,,,,,,
846,2015-07-01,2015-07-01,Campaign63,inactive,,,,,,,,,,,
847,2015-07-01,2015-07-01,Campaign58,inactive,,,,,,,,,,,
848,2015-07-01,2015-07-01,Campaign69,inactive,15.0,,2.7213333333332996,,,,,,,,
849,2015-06-30,2015-06-30,Campaign65,inactive,,,,,,,,,,,
850,2015-06-30,2015-06-30,Campaign64,inactive,,,,,,,,,,,
851,2015-06-30,2015-06-30,Campaign63,inactive,,,,,,,,,,,
852,2015-06-30,2015-06-30,Campaign67,inactive,,,,,,,,,,,
853,2015-06-30,2015-06-30,Campaign69,inactive,11.0,,2.5581818181818,,,,,,4.0,,
854,2015-06-30,2015-06-30,Campaign66,inactive,,,,,,,,,,,
855,2015-06-30,2015-06-30,Campaign58,inactive,,,,,,,,,,,
856,2015-06-30,2015-06-30,Campaign61,inactive,27.0,,1.5492592592593,,,,,,9.0,,
857,2015-06-30,2015-06-30,Campaign60,inactive,1.0,,2.5,,,,,,,,
858,2015-06-30,2015-06-30,Campaign68,inactive,,,,,,,,,,,
859,2015-06-29,2015-06-29,Campaign67,inactive,1.0,,0.0,,,,,,,,
860,2015-06-29,2015-06-29,Campaign58,inactive,1.0,,0.0,,,,,,,,
861,2015-06-29,2015-06-29,Campaign66,inactive,,,,,,,,,,,
862,2015-06-29,2015-06-29,Campaign62,inactive,,,,,,,,,,,
863,2015-06-29,2015-06-29,Campaign60,inactive,2.0,,2.165,,,,,,,,
864,2015-06-29,2015-06-29,Campaign68,inactive,,,,,,,,,,,
865,2015-06-29,2015-06-29,Campaign69,inactive,19.0,,2.6094736842105,,,,,,5.0,,1.0
866,2015-06-29,2015-06-29,Campaign65,inactive,,,,,,,,,,,
867,2015-06-29,2015-06-29,Campaign63,inactive,,,,,,,,,,,
868,2015-06-29,2015-06-29,Campaign61,inactive,13.0,,2.2592307692307996,,,,,,,,
869,2015-06-28,2015-06-28,Campaign60,inactive,1.0,,2.41,,,,,,,,
870,2015-06-28,2015-06-28,Campaign58,inactive,,,,,,,,,,,
871,2015-06-28,2015-06-28,Campaign61,inactive,,,,,,,,,,,
872,2015-06-28,2015-06-28,Campaign66,inactive,,,,,,,,,,,
873,2015-06-28,2015-06-28,Campaign68,inactive,,,,,,,,,,,
874,2015-06-28,2015-06-28,Campaign69,inactive,3.0,,1.36,,,,,,,,
875,2015-06-28,2015-06-28,Campaign63,inactive,,,,,,,,,,,
876,2015-06-28,2015-06-28,Campaign65,inactive,,,,,,,,,,,
877,2015-06-23,2015-06-23,Campaign68,inactive,,,,,,,,,,,
878,2015-06-23,2015-06-23,Campaign58,inactive,,,,,,,,,,,
879,2015-06-23,2015-06-23,Campaign59,inactive,,,,,,,,,,,
880,2015-06-23,2015-06-23,Campaign63,inactive,,,,,,,,,,,
881,2015-06-23,2015-06-23,Campaign65,inactive,,,,,,,,,,,
882,2015-06-23,2015-06-23,Campaign69,inactive,1.0,,2.97,,,,,,,,
883,2015-06-23,2015-06-23,Campaign61,inactive,,,,,,,,,,,
884,2015-06-23,2015-06-23,Campaign60,inactive,1.0,,2.49,,,,,,,,
885,2015-06-22,2015-06-22,Campaign66,inactive,,,,,,,,,,,
886,2015-06-22,2015-06-22,Campaign63,inactive,,,,,,,,,,,
887,2015-06-22,2015-06-22,Campaign58,inactive,,,,,,,,,,,
888,2015-06-22,2015-06-22,Campaign61,inactive,,,,,,,,,,,
889,2015-06-22,2015-06-22,Campaign68,inactive,,,,,,,,,,,
890,2015-06-22,2015-06-22,Campaign60,inactive,1.0,,2.49,,,,,,,,
891,2015-06-22,2015-06-22,Campaign69,inactive,8.0,,2.47375,,,,,,,,
892,2015-06-22,2015-06-22,Campaign62,inactive,,,,,,,,,,,
893,2015-06-22,2015-06-22,Campaign59,inactive,,,,,,,,,,,
894,2015-06-22,2015-06-22,Campaign65,inactive,,,,,,,,,,,
895,2015-06-22,2015-06-22,Campaign64,inactive,,,,,,,,,,,
896,2015-06-21,2015-06-21,Campaign64,inactive,,,,,,,,,,,
897,2015-06-21,2015-06-21,Campaign66,inactive,,,,,,,,,,,
898,2015-06-21,2015-06-21,Campaign62,inactive,,,,,,,,,,,
899,2015-06-21,2015-06-21,Campaign69,inactive,4.0,,2.87,,,,,,1.0,,
900,2015-06-21,2015-06-21,Campaign58,inactive,,,,,,,,,,,
901,2015-06-21,2015-06-21,Campaign65,inactive,,,,,,,,,,,
902,2015-06-21,2015-06-21,Campaign63,inactive,,,,,,,,,,,
903,2015-06-21,2015-06-21,Campaign61,inactive,,,,,,,,,,,
904,2015-06-21,2015-06-21,Campaign59,inactive,,,,,,,,,,,
905,2015-06-21,2015-06-21,Campaign68,inactive,1.0,,2.8,,,,,,,,
906,2015-06-21,2015-06-21,Campaign60,inactive,,,,,,,,,,,
907,2015-06-21,2015-06-21,Campaign67,inactive,,,,,,,,,,,
908,2015-06-20,2015-06-20,Campaign68,inactive,1.0,,0.43,,,,,,,,
909,2015-06-20,2015-06-20,Campaign69,inactive,4.0,,1.0125,,,,,,,,
910,2015-06-20,2015-06-20,Campaign61,inactive,,,,,,,,,,,
911,2015-06-20,2015-06-20,Campaign64,inactive,,,,,,,,,,,
912,2015-06-20,2015-06-20,Campaign59,inactive,,,,,,,,,,,
913,2015-06-20,2015-06-20,Campaign63,inactive,,,,,,,,,,,
914,2015-06-20,2015-06-20,Campaign60,inactive,1.0,,2.05,,,,,,,,
915,2015-06-20,2015-06-20,Campaign58,inactive,,,,,,,,,,,
916,2015-06-20,2015-06-20,Campaign66,inactive,,,,,,,,,,,
917,2015-06-20,2015-06-20,Campaign65,inactive,,,,,,,,,,,
918,2015-06-19,2015-06-19,Campaign60,inactive,2.0,,2.44,,,,,,,,
919,2015-06-19,2015-06-19,Campaign64,inactive,,,,,,,,,,,
920,2015-06-19,2015-06-19,Campaign58,inactive,1.0,,0.0,,,,,,,,
921,2015-06-19,2015-06-19,Campaign66,inactive,,,,,,,,,,,
922,2015-06-19,2015-06-19,Campaign69,inactive,2.0,,2.97,,,,,,,,
923,2015-06-19,2015-06-19,Campaign65,inactive,,,,,,,,,,,
924,2015-06-19,2015-06-19,Campaign68,inactive,,,,,,,,,,,
925,2015-06-19,2015-06-19,Campaign63,inactive,,,,,,,,,,,
926,2015-06-19,2015-06-19,Campaign61,inactive,,,,,,,,,,,
927,2015-06-18,2015-06-18,Campaign58,inactive,,,,,,,,,,,
928,2015-06-18,2015-06-18,Campaign59,inactive,,,,,,,,,,,
929,2015-06-18,2015-06-18,Campaign65,inactive,,,,,,,,,,,
930,2015-06-18,2015-06-18,Campaign66,inactive,,,,,,,,,,,
931,2015-06-18,2015-06-18,Campaign61,inactive,,,,,,,,,,,
932,2015-06-18,2015-06-18,Campaign67,inactive,,,,,,,,,,,
933,2015-06-18,2015-06-18,Campaign63,inactive,,,,,,,,,,,
934,2015-06-18,2015-06-18,Campaign69,inactive,2.0,,2.87,,,,,,,,
935,2015-06-18,2015-06-18,Campaign60,inactive,,,,,,,,,,,
936,2015-06-18,2015-06-18,Campaign68,inactive,,,,,,,,,,,
937,2015-06-17,2015-06-17,Campaign60,inactive,,,,,,,,,,,
938,2015-06-17,2015-06-17,Campaign69,inactive,,,,,,,,,,,
939,2015-06-17,2015-06-17,Campaign64,inactive,,,,,,,,,,,
940,2015-06-17,2015-06-17,Campaign66,inactive,,,,,,,,,,,
941,2015-06-17,2015-06-17,Campaign63,inactive,,,,,,,,,,,
942,2015-06-17,2015-06-17,Campaign65,inactive,,,,,,,,,,,
943,2015-06-17,2015-06-17,Campaign68,inactive,,,,,,,,,,,
944,2015-06-17,2015-06-17,Campaign61,inactive,,,,,,,,,,,
945,2015-06-17,2015-06-17,Campaign58,inactive,,,,,,,,,,,
946,2015-06-17,2015-06-17,Campaign59,inactive,,,,,,,,,,,
947,2015-06-16,2015-06-16,Campaign63,inactive,,,,,,,,,,,
948,2015-06-16,2015-06-16,Campaign58,inactive,,,,,,,,,,,
949,2015-06-16,2015-06-16,Campaign61,inactive,,,,,,,,,,,
950,2015-06-16,2015-06-16,Campaign68,inactive,,,,,,,,,,,
951,2015-06-16,2015-06-16,Campaign66,inactive,,,,,,,,,,,
952,2015-06-16,2015-06-16,Campaign65,inactive,,,,,,,,,,,
953,2015-06-16,2015-06-16,Campaign59,inactive,,,,,,,,,,,
954,2015-06-16,2015-06-16,Campaign64,inactive,,,,,,,,,,,
955,2015-06-16,2015-06-16,Campaign60,inactive,1.0,,0.0,,,,,,,,
956,2015-06-16,2015-06-16,Campaign69,inactive,1.0,,2.41,,,,,,,,
957,2015-06-15,2015-06-15,Campaign59,inactive,,,,,,,,,,,
958,2015-06-15,2015-06-15,Campaign68,inactive,,,,,,,,,,,
959,2015-06-15,2015-06-15,Campaign63,inactive,,,,,,,,,,,
960,2015-06-15,2015-06-15,Campaign65,inactive,,,,,,,,,,,
961,2015-06-15,2015-06-15,Campaign61,inactive,,,,,,,,,,,
962,2015-06-15,2015-06-15,Campaign69,inactive,,,,,,,,,,,
963,2015-06-15,2015-06-15,Campaign58,inactive,,,,,,,,,,,
964,2015-06-15,2015-06-15,Campaign66,inactive,,,,,,,,,,,
965,2015-06-15,2015-06-15,Campaign70,inactive,,,,,,,,,,,
966,2015-06-15,2015-06-15,Campaign64,inactive,,,,,,,,,,,
967,2015-06-14,2015-06-14,Campaign64,inactive,,,,,,,,,,,
968,2015-06-14,2015-06-14,Campaign59,inactive,,,,,,,,,,,
969,2015-06-14,2015-06-14,Campaign61,inactive,1.0,,3.75,,,,,,,,
970,2015-06-14,2015-06-14,Campaign68,inactive,,,,,,,,,,,
971,2015-06-14,2015-06-14,Campaign69,inactive,2.0,,1.78,,,,,,1.0,,
972,2015-06-14,2015-06-14,Campaign63,inactive,1.0,,0.2,,,,,,,,
973,2015-06-14,2015-06-14,Campaign65,inactive,,,,,,,,,,,
974,2015-06-14,2015-06-14,Campaign62,inactive,,,,,,,,,,,
975,2015-06-14,2015-06-14,Campaign58,inactive,,,,,,,,,,1.0,
976,2015-06-13,2015-06-13,Campaign61,inactive,,,,,,,,,,,
977,2015-06-13,2015-06-13,Campaign64,inactive,,,,,,,,,,,
978,2015-06-13,2015-06-13,Campaign63,inactive,1.0,,2.38,,,,,,,,
979,2015-06-13,2015-06-13,Campaign68,inactive,,,,,,,,,,,
980,2015-06-13,2015-06-13,Campaign69,inactive,2.0,,2.475,,,,,,,,
981,2015-06-13,2015-06-13,Campaign66,inactive,,,,,,,,,,,
982,2015-06-13,2015-06-13,Campaign58,inactive,,,,,,,,,,,
983,2015-06-13,2015-06-13,Campaign65,inactive,1.0,,2.51,,,,,,,,
984,2015-06-12,2015-06-12,Campaign61,inactive,1.0,,3.42,,,,,,,,
985,2015-06-12,2015-06-12,Campaign69,inactive,,,,,,,,,,,
986,2015-06-12,2015-06-12,Campaign68,inactive,,,,,,,,,,,
987,2015-06-12,2015-06-12,Campaign58,inactive,,,,,,,,,,,
988,2015-06-12,2015-06-12,Campaign63,inactive,,,,,,,,,,,
989,2015-06-12,2015-06-12,Campaign59,inactive,,,,,,,,,,,
990,2015-06-12,2015-06-12,Campaign65,inactive,,,,,,,,,,,
991,2015-06-11,2015-06-11,Campaign65,inactive,,,,,,,,,,,
992,2015-06-11,2015-06-11,Campaign63,inactive,,,,,,,,,,,
993,2015-06-11,2015-06-11,Campaign58,inactive,,,,,,,,,,,
994,2015-06-11,2015-06-11,Campaign61,inactive,,,,,,,,,,,
995,2015-06-11,2015-06-11,Campaign62,inactive,,,,,,,,,,,
996,2015-06-11,2015-06-11,Campaign59,inactive,,,,,,,,,,,
997,2015-06-11,2015-06-11,Campaign64,inactive,,,,,,,,,,,
998,2015-06-11,2015-06-11,Campaign69,inactive,2.0,,2.05,,,,,,,,
999,2015-06-11,2015-06-11,Campaign68,inactive,,,,,,,,,,,
1000,2015-06-11,2015-06-11,Campaign66,inactive,,,,,,,,,,,
1001,2015-06-10,2015-06-10,Campaign65,inactive,,,,,,,,,,,
1002,2015-06-10,2015-06-10,Campaign69,inactive,,,,,,,,,,,
1003,2015-06-10,2015-06-10,Campaign67,inactive,,,,,,,,,,,
1004,2015-06-10,2015-06-10,Campaign66,inactive,,,,,,,,,,,
1005,2015-06-10,2015-06-10,Campaign64,inactive,,,,,,,,,,,
1006,2015-06-10,2015-06-10,Campaign58,inactive,,,,,,,,,,,
1007,2015-06-10,2015-06-10,Campaign61,inactive,,,,,,,,,,,
1008,2015-06-10,2015-06-10,Campaign62,inactive,,,,,,,,,,,
1009,2015-06-10,2015-06-10,Campaign68,inactive,,,,,,,,,,,
1010,2015-06-10,2015-06-10,Campaign59,inactive,,,,,,,,,,,
1011,2015-06-10,2015-06-10,Campaign63,inactive,,,,,,,,,,,
1012,2015-06-09,2015-06-09,Campaign68,inactive,,,,,,,,,,,
1013,2015-06-09,2015-06-09,Campaign58,inactive,,,,,,,,,,,
1014,2015-06-09,2015-06-09,Campaign69,inactive,1.0,,1.28,,,,,,,,
1015,2015-06-09,2015-06-09,Campaign66,inactive,,,,,,,,,,,
1016,2015-06-09,2015-06-09,Campaign63,inactive,,,,,,,,,,,
1017,2015-06-09,2015-06-09,Campaign65,inactive,1.0,,2.46,,,,,,,,
1018,2015-06-09,2015-06-09,Campaign64,inactive,,,,,,,,,,,
1019,2015-06-09,2015-06-09,Campaign62,inactive,,,,,,,,,,,
1020,2015-06-08,2015-06-08,Campaign67,inactive,,,,,,,,,,,
1021,2015-06-08,2015-06-08,Campaign65,inactive,1.0,,2.46,,,,,,,,
1022,2015-06-08,2015-06-08,Campaign64,inactive,,,,,,,,,,,
1023,2015-06-08,2015-06-08,Campaign63,inactive,1.0,,1.73,,,,,,,,
1024,2015-06-08,2015-06-08,Campaign66,inactive,,,,,,,,,,,
1025,2015-06-07,2015-06-07,Campaign67,inactive,,,,,,,,,,,
1026,2015-06-07,2015-06-07,Campaign63,inactive,,,,,,,,,,,
1027,2015-06-07,2015-06-07,Campaign70,inactive,,,,,,,,,,,
1028,2015-06-07,2015-06-07,Campaign64,inactive,,,,,,,,,,,
1029,2015-06-07,2015-06-07,Campaign66,inactive,,,,,,,,,,,
1030,2015-06-07,2015-06-07,Campaign65,inactive,,,,,,,,,,,
1031,2015-06-06,2015-06-06,Campaign64,inactive,,,,,,,,,,,
1032,2015-06-06,2015-06-06,Campaign63,inactive,1.0,,2.34,,,,,,,,
1033,2015-06-06,2015-06-06,Campaign67,inactive,,,,,,,,,,,
1034,2015-06-06,2015-06-06,Campaign65,inactive,,,,,,,,,,,
1035,2015-06-06,2015-06-06,Campaign66,inactive,,,,,,,,,,,
1036,2015-06-06,2015-06-06,Campaign70,inactive,,,,,,,,,,,
1037,2015-06-05,2015-06-05,Campaign64,inactive,,,,,,,,,,,
1038,2015-06-05,2015-06-05,Campaign65,inactive,,,,,,,,,,,
1039,2015-06-05,2015-06-05,Campaign70,inactive,,,,,,,,,,,
1040,2015-06-05,2015-06-05,Campaign66,inactive,,,,,,,,,,,
1041,2015-06-05,2015-06-05,Campaign67,inactive,,,,,,,,,,,
1042,2015-06-05,2015-06-05,Campaign63,inactive,,,,,,,,,,,
1043,2015-06-04,2015-06-04,Campaign66,inactive,1.0,,2.42,,,,,,,,
1044,2015-06-04,2015-06-04,Campaign67,inactive,,,,,,,,,,,
1045,2015-06-04,2015-06-04,Campaign70,inactive,,,,,,,,,,,
1046,2015-06-04,2015-06-04,Campaign65,inactive,,,,,,,,,,,
1047,2015-06-04,2015-06-04,Campaign63,inactive,2.0,,1.235,,,,,,,,
1048,2015-06-04,2015-06-04,Campaign58,inactive,,,,,,,,,,,
1049,2015-06-04,2015-06-04,Campaign64,inactive,,,,,,,,,,,
1050,2015-06-03,2015-06-03,Campaign67,inactive,,,,,,,,,,,
1051,2015-06-03,2015-06-03,Campaign66,inactive,,,,,,,,,,,
1052,2015-06-03,2015-06-03,Campaign65,inactive,,,,,,,,,,,
1053,2015-06-03,2015-06-03,Campaign64,inactive,,,,,,,,,,,
1054,2015-06-03,2015-06-03,Campaign63,inactive,3.0,,0.80333333333333,,,,,,,,
1055,2015-06-02,2015-06-02,Campaign63,inactive,8.0,,1.50375,,,,,,,,
1056,2015-06-02,2015-06-02,Campaign66,inactive,2.0,,2.41,,,,,,,,
1057,2015-06-02,2015-06-02,Campaign65,inactive,1.0,,2.62,,,,,,1.0,,
1058,2015-06-02,2015-06-02,Campaign64,inactive,,,,,,,,,,,
1059,2015-05-17,2015-05-17,Campaign60,inactive,,,,,,,,,,,
1060,2015-05-14,2015-05-14,Campaign60,inactive,,,,,,,,,,,
1061,2015-05-11,2015-05-11,Campaign60,inactive,,,,,,,,,,,
1062,2015-05-05,2015-05-05,Campaign60,inactive,,,,,,,,,,,
1063,2015-07-09,2015-07-09,Campaign71,inactive,,,,,,,,,,,
1064,2015-07-08,2015-07-08,Campaign71,inactive,,,,,,,,,,,
1065,2015-07-07,2015-07-07,Campaign71,inactive,,,,,,,,,,,
1066,2015-07-06,2015-07-06,Campaign71,inactive,,,,,,,,,,,
1067,2015-07-05,2015-07-05,Campaign71,inactive,,,,,,,,,,,
1068,2015-07-04,2015-07-04,Campaign71,inactive,,,,,,,,,,,
1069,2015-07-03,2015-07-03,Campaign71,inactive,,,,,,,,,,,
1070,2015-07-02,2015-07-02,Campaign71,inactive,,,,,,,,,,,
1071,2015-07-01,2015-07-01,Campaign71,inactive,,,,,,,,,,,
1072,2015-06-30,2015-06-30,Campaign71,inactive,1.0,,1.94,,,,,,,,
1073,2015-06-29,2015-06-29,Campaign71,inactive,1.0,,2.29,,,,,,,,
1074,2015-06-28,2015-06-28,Campaign71,inactive,,,,,,,,,,,
1075,2015-06-23,2015-06-23,Campaign71,inactive,,,,,,,,,,,
1076,2015-06-22,2015-06-22,Campaign71,inactive,,,,,,,,,,,
1077,2015-06-21,2015-06-21,Campaign71,inactive,,,,,,,,,,,
1078,2015-06-20,2015-06-20,Campaign71,inactive,1.0,,1.0,,,,,,,,
1079,2015-06-19,2015-06-19,Campaign71,inactive,,,,,,,,,,,
1080,2015-06-18,2015-06-18,Campaign71,inactive,,,,,,,,,,,
1081,2015-06-17,2015-06-17,Campaign71,inactive,,,,,,,,,,,
1082,2015-06-16,2015-06-16,Campaign71,inactive,,,,,,,,,,,
1083,2015-06-15,2015-06-15,Campaign71,inactive,,,,,,,,,,,
1084,2015-06-14,2015-06-14,Campaign71,inactive,,,,,,,,,,,
1085,2015-06-13,2015-06-13,Campaign71,inactive,,,,,,,,,,,
1086,2015-06-12,2015-06-12,Campaign71,inactive,,,,,,,,,,,
1087,2015-06-11,2015-06-11,Campaign71,inactive,,,,,,,,,,,
1088,2015-05-19,2015-05-19,Campaign71,inactive,3.0,,0.99,,,,,,,,
1089,2015-05-18,2015-05-18,Campaign71,inactive,8.0,,1.25,,,,,,,,
1090,2015-05-17,2015-05-17,Campaign71,inactive,5.0,,1.6,,,,,,5.0,,2.0
1091,2015-05-16,2015-05-16,Campaign71,inactive,,,,,,,,,,,
1092,2015-05-15,2015-05-15,Campaign71,inactive,,,,,,,,,,,
1093,2015-05-14,2015-05-14,Campaign71,inactive,6.0,,1.2816666666667,,,,,,,,
1094,2015-05-13,2015-05-13,Campaign71,inactive,,,,,,,,,4.0,,1.0
1095,2015-05-12,2015-05-12,Campaign71,inactive,9.0,,1.1111111111111,,,,,,,,
1096,2015-05-11,2015-05-11,Campaign71,inactive,2.0,,1.0,,,,,,4.0,,1.0
1097,2015-05-10,2015-05-10,Campaign71,inactive,7.0,,1.4285714285714,,,,,,,1.0,1.0
1098,2015-05-09,2015-05-09,Campaign71,inactive,8.0,,1.25,,,,,,5.0,,2.0
1099,2015-05-08,2015-05-08,Campaign71,inactive,11.0,,0.9090909090909101,,,,,,,,
1100,2015-05-07,2015-05-07,Campaign71,inactive,2.0,,1.935,,,,,,,,
1101,2015-05-06,2015-05-06,Campaign71,inactive,5.0,,1.8,,,,,,,,
1102,2015-05-05,2015-05-05,Campaign71,inactive,3.0,,0.33333333333333,,,,,,,,
1103,2015-05-04,2015-05-04,Campaign71,inactive,5.0,,1.344,,,,,,1.0,,
1104,2015-05-03,2015-05-03,Campaign71,inactive,4.0,,1.09,,,,,,,,
1105,2015-05-02,2015-05-02,Campaign71,inactive,2.0,,1.0,,,,,,,,
1106,2015-05-01,2015-05-01,Campaign71,inactive,2.0,,1.0,,,,,,,,
1107,2015-04-30,2015-04-30,Campaign71,inactive,3.0,,1.37,,,,,,,,
1108,2015-04-29,2015-04-29,Campaign71,inactive,,,,,,,,,,,
1109,2015-04-28,2015-04-28,Campaign71,inactive,,,,,,,,,,,
1110,2015-04-27,2015-04-27,Campaign71,inactive,1.0,,0.0,,,,,,,,
1111,2015-04-26,2015-04-26,Campaign71,inactive,,,,,,,,,,,
1112,2015-04-25,2015-04-25,Campaign71,inactive,,,,,,,,,,,
1113,2015-04-24,2015-04-24,Campaign71,inactive,,,,,,,,,,,
1114,2015-04-23,2015-04-23,Campaign71,inactive,,,,,,,,,,,
1115,2015-04-22,2015-04-22,Campaign71,inactive,,,,,,,,,,,
1116,2015-04-21,2015-04-21,Campaign71,inactive,,,,,,,,,,,
1117,2015-10-14,2015-10-14,Campaign72,inactive,11.0,,0.79,,,,,,1.0,,
1118,2015-10-13,2015-10-13,Campaign72,inactive,26.0,,0.9030769230769201,,,,,,3.0,,
1119,2015-10-12,2015-10-12,Campaign72,inactive,54.0,,0.61111111111111,,,,,,4.0,,
1120,2015-10-11,2015-10-11,Campaign72,inactive,45.0,,0.7273333333333301,,,,,,5.0,,
1121,2015-10-10,2015-10-10,Campaign72,inactive,47.0,,0.69744680851064,,,,,,2.0,,1.0
1122,2015-10-09,2015-10-09,Campaign72,inactive,35.0,,0.92657142857143,,,,,,5.0,,
1123,2015-10-08,2015-10-08,Campaign72,inactive,53.0,,0.6211320754717,,,,,,6.0,,
1124,2015-10-07,2015-10-07,Campaign72,inactive,67.0,,0.49,,,,,,9.0,,1.0
1125,2015-10-06,2015-10-06,Campaign72,inactive,57.0,,0.5766666666666701,,,,,,5.0,,2.0
1126,2015-10-05,2015-10-05,Campaign72,inactive,59.0,,0.55016949152542,,,,,,6.0,,
1127,2015-10-04,2015-10-04,Campaign72,inactive,22.0,,1.5,,,,,,4.0,,
1128,2015-10-03,2015-10-03,Campaign72,inactive,10.0,,3.2489999999999997,,,,,,1.0,,
1129,2015-10-02,2015-10-02,Campaign72,inactive,21.0,,1.5495238095238,,,,,,2.0,,
1130,2015-10-01,2015-10-01,Campaign72,inactive,13.0,,2.5384615384615,,,,,,2.0,,
1131,2015-09-30,2015-09-30,Campaign72,inactive,35.0,,0.53514285714286,,,,,,,,
1132,2015-09-29,2015-09-29,Campaign72,inactive,3.0,,2.53,,,,,,,,
1133,2015-07-10,2015-07-10,Campaign73,inactive,,,,,,,,,,,
1134,2015-07-10,2015-07-10,Campaign72,inactive,1.0,,3.13,,,,,,,,
1135,2015-07-09,2015-07-09,Campaign73,inactive,,,,,,,,,,,
1136,2015-07-09,2015-07-09,Campaign72,inactive,1.0,,0.0,,,,,,,,
1137,2015-07-08,2015-07-08,Campaign72,inactive,1.0,,2.44,,,,,,,,
1138,2015-07-08,2015-07-08,Campaign73,inactive,,,,,,,,,,,
1139,2015-07-07,2015-07-07,Campaign73,inactive,,,,,,,,,,,
1140,2015-07-07,2015-07-07,Campaign72,inactive,1.0,,0.0,,,,,,,,
1141,2015-07-06,2015-07-06,Campaign73,inactive,,,,,,,,,,,
1142,2015-07-06,2015-07-06,Campaign72,inactive,,,,,,,,,,,
1143,2015-07-05,2015-07-05,Campaign72,inactive,1.0,,2.83,,,,,,,,
1144,2015-07-05,2015-07-05,Campaign73,inactive,1.0,,0.0,,,,,,,,
1145,2015-07-04,2015-07-04,Campaign72,inactive,,,,,,,,,,,
1146,2015-07-04,2015-07-04,Campaign73,inactive,,,,,,,,,,,
1147,2015-07-03,2015-07-03,Campaign72,inactive,2.0,,2.515,,,,,,,,
1148,2015-07-03,2015-07-03,Campaign73,inactive,,,,,,,,,,,
1149,2015-07-02,2015-07-02,Campaign72,inactive,1.0,,1.0,,,,,,,,
1150,2015-07-02,2015-07-02,Campaign73,inactive,,,,,,,,,,,
1151,2015-07-01,2015-07-01,Campaign72,inactive,,,,,,,,,,,
1152,2015-07-01,2015-07-01,Campaign73,inactive,,,,,,,,,,,
1153,2015-06-30,2015-06-30,Campaign72,inactive,2.0,,3.09,,,,,,2.0,,
1154,2015-06-30,2015-06-30,Campaign73,inactive,,,,,,,,,,,
1155,2015-06-29,2015-06-29,Campaign73,inactive,,,,,,,,,,,
1156,2015-06-29,2015-06-29,Campaign72,inactive,1.0,,0.0,,,,,,,,
1157,2015-06-28,2015-06-28,Campaign73,inactive,,,,,,,,,,,
1158,2015-06-28,2015-06-28,Campaign72,inactive,,,,,,,,,,,
1159,2015-06-23,2015-06-23,Campaign73,inactive,,,,,,,,,,,
1160,2015-06-23,2015-06-23,Campaign72,inactive,,,,,,,,,,,
1161,2015-06-22,2015-06-22,Campaign73,inactive,,,,,,,,,,,
1162,2015-06-22,2015-06-22,Campaign72,inactive,,,,,,,,,,,
1163,2015-06-21,2015-06-21,Campaign73,inactive,1.0,,1.85,,,,,,,,
1164,2015-06-21,2015-06-21,Campaign72,inactive,2.0,,1.525,,,,,,,,
1165,2015-06-20,2015-06-20,Campaign73,inactive,,,,,,,,,,,
1166,2015-06-20,2015-06-20,Campaign72,inactive,,,,,,,,,,,
1167,2015-06-19,2015-06-19,Campaign72,inactive,1.0,,1.82,,,,,,,,
1168,2015-06-19,2015-06-19,Campaign73,inactive,,,,,,,,,,,
1169,2015-06-18,2015-06-18,Campaign72,inactive,,,,,,,,,,,
1170,2015-06-18,2015-06-18,Campaign73,inactive,1.0,,3.01,,,,,,,,
1171,2015-06-17,2015-06-17,Campaign72,inactive,,,,,,,,,,,
1172,2015-06-17,2015-06-17,Campaign73,inactive,4.0,,2.9525,,,,,,,,
1173,2015-06-16,2015-06-16,Campaign72,inactive,,,,,,,,,,,
1174,2015-06-16,2015-06-16,Campaign73,inactive,2.0,,2.98,,,,,,,,
1175,2015-06-15,2015-06-15,Campaign72,inactive,1.0,,0.2,,,,,,,,
1176,2015-06-15,2015-06-15,Campaign73,inactive,1.0,,3.09,,,,,,,,
1177,2015-06-14,2015-06-14,Campaign73,inactive,6.0,,2.7233333333333,,,,,,3.0,,
1178,2015-06-14,2015-06-14,Campaign72,inactive,2.0,,1.38,,,,,,,,
1179,2015-06-13,2015-06-13,Campaign72,inactive,1.0,,3.03,,,,,,,,
1180,2015-06-13,2015-06-13,Campaign73,inactive,2.0,,2.625,,,,,,,,
1181,2015-06-12,2015-06-12,Campaign72,inactive,,,,,,,,,,,
1182,2015-06-12,2015-06-12,Campaign73,inactive,1.0,,0.28,,,,,,,,
1183,2015-06-11,2015-06-11,Campaign72,inactive,3.0,,1.4733333333333,,,,,,,,
1184,2015-06-11,2015-06-11,Campaign73,inactive,2.0,,2.34,,,,,,1.0,,
1185,2015-06-10,2015-06-10,Campaign73,inactive,3.0,,5.773333333333301,,,,,,2.0,,
1186,2015-06-09,2015-06-09,Campaign73,inactive,2.0,,2.225,,,,,,,,
1187,2015-06-08,2015-06-08,Campaign73,inactive,6.0,,0.58,,,,,,3.0,1.0,
1188,2015-06-07,2015-06-07,Campaign73,inactive,7.0,,1.5857142857143,,,,,,,,
1189,2015-06-06,2015-06-06,Campaign73,inactive,6.0,,2.1033333333333,,,,,,1.0,,
1190,2015-06-05,2015-06-05,Campaign73,inactive,2.0,,0.0,,,,,,,,
1191,2015-06-04,2015-06-04,Campaign73,inactive,4.0,,2.185,,,,,,,,
1192,2015-06-03,2015-06-03,Campaign73,inactive,1.0,,2.63,,,,,,,,
1193,2015-06-02,2015-06-02,Campaign73,inactive,6.0,,0.98,,,,,,2.0,,
1194,2015-06-01,2015-06-01,Campaign73,inactive,9.0,,1.1111111111111,,,,,,,,
1195,2015-05-31,2015-05-31,Campaign73,inactive,13.0,,1.3461538461538003,,,,,,1.0,,1.0
1196,2015-05-30,2015-05-30,Campaign73,inactive,12.0,,0.91666666666667,,,,,,2.0,,
1197,2015-05-29,2015-05-29,Campaign73,inactive,28.0,,1.0696428571429,,,,,,3.0,,
1198,2015-05-28,2015-05-28,Campaign73,inactive,42.0,,1.1592857142857,,,,,,4.0,,1.0
1199,2015-05-27,2015-05-27,Campaign73,inactive,30.0,,1.6473333333333,,,,,,5.0,,
1200,2015-05-26,2015-05-26,Campaign73,inactive,11.0,,0.8281818181818199,,,,,,,,2.0
1201,2015-05-25,2015-05-25,Campaign73,inactive,11.0,,1.6827272727273,,,,,,1.0,,
1202,2015-05-24,2015-05-24,Campaign73,inactive,37.0,,1.4081081081081,,,,,,,,
1203,2015-05-23,2015-05-23,Campaign73,inactive,29.0,,1.798275862069,,,,,,2.0,,
1204,2015-05-22,2015-05-22,Campaign73,inactive,28.0,,1.9496428571428999,,,,,,3.0,,
1205,2015-05-21,2015-05-21,Campaign73,inactive,17.0,,1.5141176470588003,,,,,,4.0,1.0,
1206,2015-05-20,2015-05-20,Campaign73,inactive,27.0,,1.0066666666667,,,,,,3.0,,2.0
1207,2015-05-19,2015-05-19,Campaign73,inactive,34.0,,1.1429411764706001,,,,,,7.0,,1.0
1208,2015-05-18,2015-05-18,Campaign73,inactive,39.0,,1.1564102564103,,,,,,9.0,,2.0
1209,2015-05-17,2015-05-17,Campaign73,inactive,39.0,,1.0994871794871999,,,,,,1.0,1.0,
1210,2015-05-16,2015-05-16,Campaign73,inactive,38.0,,1.2597368421053,,,,,,6.0,,
1211,2015-05-15,2015-05-15,Campaign73,inactive,27.0,,1.4514814814815,,,,,,3.0,,
1212,2015-05-14,2015-05-14,Campaign73,inactive,43.0,,1.1488372093023,,,,,,6.0,,
1213,2015-05-13,2015-05-13,Campaign73,inactive,31.0,,1.4364516129032001,,,,,,,,
1214,2015-05-12,2015-05-12,Campaign73,inactive,25.0,,1.3116,,,,,,4.0,,
1215,2015-05-11,2015-05-11,Campaign73,inactive,45.0,,1.0113333333333,,,,,,1.0,,
1216,2015-05-10,2015-05-10,Campaign73,inactive,41.0,,1.2451219512195,,,,,,5.0,,
1217,2015-05-09,2015-05-09,Campaign73,inactive,47.0,,0.9217021276595699,,,,,,3.0,,
1218,2015-05-08,2015-05-08,Campaign73,inactive,28.0,,1.1671428571429,,,,,,3.0,1.0,
1219,2015-05-07,2015-05-07,Campaign73,inactive,23.0,,1.1152173913043,,,,,,1.0,,
1220,2015-05-06,2015-05-06,Campaign73,inactive,25.0,,1.1552,,,,,,1.0,,
1221,2015-04-30,2015-04-30,Campaign73,inactive,14.0,,1.3185714285713999,,,,,,5.0,,
1222,2015-04-30,2015-04-30,Campaign72,inactive,6.0,,1.4166666666667,,,,,,1.0,,
1223,2015-04-29,2015-04-29,Campaign73,inactive,22.0,,1.5536363636364,,,,,,,,
1224,2015-04-29,2015-04-29,Campaign72,inactive,7.0,,1.4157142857143,,,,,,,,
1225,2015-04-28,2015-04-28,Campaign73,inactive,21.0,,1.4733333333333,,,,,,1.0,,
1226,2015-04-28,2015-04-28,Campaign72,inactive,11.0,,1.1109090909091,,,,,,4.0,,
1227,2015-04-27,2015-04-27,Campaign72,inactive,12.0,,1.7208333333333001,,,,,,4.0,,
1228,2015-04-27,2015-04-27,Campaign73,inactive,21.0,,1.4047619047619,,,,,,,,
1229,2015-04-26,2015-04-26,Campaign72,inactive,19.0,,1.4668421052632,,,,,,4.0,,
1230,2015-04-26,2015-04-26,Campaign73,inactive,43.0,,0.87046511627907,,,,,,3.0,,
1231,2015-04-25,2015-04-25,Campaign72,inactive,13.0,,1.2723076923077,,,,,,1.0,,
1232,2015-04-25,2015-04-25,Campaign73,inactive,38.0,,1.1426315789473998,,,,,,2.0,,
1233,2015-04-24,2015-04-24,Campaign72,inactive,5.0,,1.8,,,,,,2.0,,
1234,2015-04-24,2015-04-24,Campaign73,inactive,21.0,,1.347619047619,,,,,,3.0,,
1235,2015-04-23,2015-04-23,Campaign73,inactive,34.0,,0.95029411764706,,,,,,1.0,,
1236,2015-04-23,2015-04-23,Campaign72,inactive,11.0,,1.88,,,,,,,,
1237,2015-04-22,2015-04-22,Campaign72,inactive,9.0,,1.1111111111111,,,,,,1.0,,
1238,2015-04-22,2015-04-22,Campaign73,inactive,27.0,,1.1607407407407,,,,,,3.0,,
1239,2015-04-21,2015-04-21,Campaign73,inactive,24.0,,1.2445833333333,,,,,,8.0,,
1240,2015-04-21,2015-04-21,Campaign72,inactive,7.0,,1.6328571428571002,,,,,,1.0,,
1241,2015-04-20,2015-04-20,Campaign73,inactive,32.0,,1.23375,,,,,,3.0,,
1242,2015-04-20,2015-04-20,Campaign72,inactive,2.0,,2.595,,,,,,,,
1243,2015-04-19,2015-04-19,Campaign73,inactive,39.0,,1.1997435897436,,,,,,5.0,,
1244,2015-04-19,2015-04-19,Campaign72,inactive,7.0,,1.7328571428571,,,,,,,,
1245,2015-04-18,2015-04-18,Campaign72,inactive,3.0,,2.2933333333332997,,,,,,,,
1246,2015-04-18,2015-04-18,Campaign73,inactive,41.0,,1.169512195122,,,,,,3.0,1.0,
1247,2015-04-17,2015-04-17,Campaign73,inactive,30.0,,1.3496666666666999,,,,,,2.0,,
1248,2015-04-17,2015-04-17,Campaign72,inactive,1.0,,2.43,,,,,,,,
1249,2015-04-16,2015-04-16,Campaign73,inactive,32.0,,1.1475,,,,,,2.0,,
1250,2015-04-16,2015-04-16,Campaign72,inactive,3.0,,1.8566666666667,,,,,,,,
1251,2015-04-15,2015-04-15,Campaign72,inactive,1.0,,1.5,,,,,,,,
1252,2015-04-15,2015-04-15,Campaign73,inactive,25.0,,1.1952,,,,,,3.0,,
1253,2015-04-14,2015-04-14,Campaign72,inactive,1.0,,1.5,,,,,,,,
1254,2015-04-14,2015-04-14,Campaign73,inactive,24.0,,1.3491666666667,,,,,,1.0,,1.0
1255,2015-04-13,2015-04-13,Campaign72,inactive,2.0,,2.165,,,,,,,,
1256,2015-04-13,2015-04-13,Campaign73,inactive,35.0,,1.2888571428571,,,,,,,,
1257,2015-04-12,2015-04-12,Campaign72,inactive,1.0,,2.37,,,,,,,,
1258,2015-04-12,2015-04-12,Campaign73,inactive,56.0,,0.96053571428571,,,,,,7.0,,2.0
1259,2015-04-11,2015-04-11,Campaign72,inactive,1.0,,2.54,,,,,,,,
1260,2015-04-11,2015-04-11,Campaign73,inactive,45.0,,1.1395555555556,,,,,,2.0,,1.0
1261,2015-04-10,2015-04-10,Campaign72,inactive,1.0,,2.24,,,,,,,,
1262,2015-04-10,2015-04-10,Campaign73,inactive,33.0,,0.8709090909090899,,,,,,6.0,,
1263,2015-04-09,2015-04-09,Campaign72,inactive,2.0,,2.315,,,,,,,,
1264,2015-04-09,2015-04-09,Campaign73,inactive,28.0,,0.85392857142857,,,,,,1.0,,
1265,2015-04-08,2015-04-08,Campaign72,inactive,5.0,,1.3840000000000001,,,,,,,,
1266,2015-04-08,2015-04-08,Campaign73,inactive,44.0,,1.115,,,,,,2.0,,
1267,2015-04-07,2015-04-07,Campaign72,inactive,,,,,,,,,,,
1268,2015-04-07,2015-04-07,Campaign73,inactive,54.0,,1.3025925925926,,,,,,3.0,,
1269,2015-04-06,2015-04-06,Campaign72,inactive,2.0,,1.955,,,,,,,,
1270,2015-04-06,2015-04-06,Campaign73,inactive,85.0,,1.4555294117646997,,,,,,7.0,,2.0
1271,2015-04-05,2015-04-05,Campaign72,inactive,,,,,,,,,,,
1272,2015-04-05,2015-04-05,Campaign73,inactive,63.0,,1.6552380952381,,,,,,8.0,,
1273,2015-04-04,2015-04-04,Campaign72,inactive,2.0,,2.36,,,,,,1.0,,
1274,2015-04-04,2015-04-04,Campaign73,inactive,71.0,,1.4274647887324,,,,,,18.0,,1.0
1275,2015-04-03,2015-04-03,Campaign72,inactive,2.0,,0.0,,,,,,,,
1276,2015-04-03,2015-04-03,Campaign73,inactive,59.0,,1.3762711864407,,,,,,3.0,1.0,
1277,2015-04-02,2015-04-02,Campaign73,inactive,57.0,,1.400350877193,,,,,,2.0,,2.0
1278,2015-04-02,2015-04-02,Campaign72,inactive,,,,,,,,,,,
1279,2015-04-01,2015-04-01,Campaign73,inactive,57.0,,1.3870175438596002,,,,,,4.0,,
1280,2015-04-01,2015-04-01,Campaign74,inactive,,,,,,,,,2.0,,
1281,2015-04-01,2015-04-01,Campaign72,inactive,2.0,,2.46,,,,,,,,
1282,2015-03-31,2015-03-31,Campaign73,inactive,77.0,,1.5692207792208002,,,,,,3.0,,
1283,2015-03-31,2015-03-31,Campaign74,inactive,,,,,,,,,,,
1284,2015-03-31,2015-03-31,Campaign72,inactive,5.0,,0.93,,,,,,1.0,,
1285,2015-03-30,2015-03-30,Campaign73,inactive,55.0,,1.7292727272727,,,,,,4.0,,1.0
1286,2015-03-30,2015-03-30,Campaign74,inactive,,,,,,,,,,,
1287,2015-03-30,2015-03-30,Campaign72,inactive,3.0,,1.5566666666667,,,,,,,,
1288,2015-03-29,2015-03-29,Campaign74,inactive,,,,,,,,,,,
1289,2015-03-29,2015-03-29,Campaign73,inactive,64.0,,2.0078125,,,,,,4.0,,
1290,2015-03-29,2015-03-29,Campaign72,inactive,3.0,,2.5,,,,,,1.0,,
1291,2015-03-28,2015-03-28,Campaign72,inactive,1.0,,2.52,,,,,,,,
1292,2015-03-28,2015-03-28,Campaign73,inactive,38.0,,1.9584210526316002,,,,,,1.0,,1.0
1293,2015-03-28,2015-03-28,Campaign74,inactive,,,,,,,,,,,
1294,2015-03-27,2015-03-27,Campaign72,inactive,1.0,,2.62,,,,,,,,
1295,2015-03-27,2015-03-27,Campaign74,inactive,,,,,,,,,2.0,,
1296,2015-03-27,2015-03-27,Campaign73,inactive,22.0,,1.8677272727273,,,,,,3.0,,
1297,2015-03-26,2015-03-26,Campaign72,inactive,5.0,,1.824,,,,,,,,
1298,2015-03-26,2015-03-26,Campaign73,inactive,20.0,,1.7405,,,,,,,,
1299,2015-03-26,2015-03-26,Campaign74,inactive,,,,,,,,,,,
1300,2015-03-25,2015-03-25,Campaign74,inactive,,,,,,,,,7.0,,
1301,2015-03-25,2015-03-25,Campaign73,inactive,14.0,,2.33,,,,,,2.0,,
1302,2015-03-25,2015-03-25,Campaign72,inactive,,,,,,,,,,,
1303,2015-03-24,2015-03-24,Campaign72,inactive,2.0,,2.445,,,,,,,,
1304,2015-03-24,2015-03-24,Campaign74,inactive,,,,,,,,,,,
1305,2015-03-24,2015-03-24,Campaign75,inactive,,,,,,,,,,,
1306,2015-03-24,2015-03-24,Campaign73,inactive,8.0,,3.48875,,,,,,2.0,,
1307,2015-03-23,2015-03-23,Campaign72,inactive,,,,,,,,,,,
1308,2015-03-23,2015-03-23,Campaign74,inactive,,,,,,,,,,,
1309,2015-03-23,2015-03-23,Campaign73,inactive,2.0,,1.0,,,,,,,,
1310,2015-03-22,2015-03-22,Campaign75,inactive,10.0,,4.721,,,,,,2.0,,
1311,2015-03-22,2015-03-22,Campaign74,inactive,,,,,,,,,,,
1312,2015-03-22,2015-03-22,Campaign72,inactive,5.0,,1.33,,,,,,,,
1313,2015-03-22,2015-03-22,Campaign73,inactive,5.0,,2.1719999999999997,,,,,,,,
1314,2015-03-21,2015-03-21,Campaign73,inactive,6.0,,2.97,,,,,,1.0,,
1315,2015-03-21,2015-03-21,Campaign74,inactive,,,,,,,,,,,
1316,2015-03-21,2015-03-21,Campaign75,inactive,7.0,,7.1428571428571,,,,,,,,
1317,2015-03-21,2015-03-21,Campaign72,inactive,,,,,,,,,,,
1318,2015-03-20,2015-03-20,Campaign73,inactive,3.0,,5.31,,,,,,,,
1319,2015-03-20,2015-03-20,Campaign75,inactive,5.0,,4.624,,,,,,,,
1320,2015-03-19,2015-03-19,Campaign75,inactive,7.0,,7.1428571428571,,,,,,2.0,,
1321,2015-03-18,2015-03-18,Campaign75,inactive,14.0,,3.5714285714286,,,,,,,,
1322,2015-03-17,2015-03-17,Campaign75,inactive,14.0,,3.5714285714286,,,,,,2.0,,
1323,2015-03-16,2015-03-16,Campaign75,inactive,19.0,,2.6315789473684,,,,,,,,
1324,2015-03-15,2015-03-15,Campaign75,inactive,15.0,,3.3333333333332997,,,,,,,1.0,
1325,2015-03-14,2015-03-14,Campaign75,inactive,13.0,,3.8461538461538,,,,,,1.0,,
1326,2015-03-13,2015-03-13,Campaign75,inactive,8.0,,6.25,,,,,,,,
1327,2015-03-12,2015-03-12,Campaign75,inactive,13.0,,3.8461538461538,,,,,,2.0,1.0,1.0
1328,2015-03-11,2015-03-11,Campaign75,inactive,4.0,,12.5,,,,,,1.0,,
1329,2015-03-10,2015-03-10,Campaign75,inactive,9.0,,5.5555555555556,,,,,,3.0,,
1330,2015-03-09,2015-03-09,Campaign75,inactive,12.0,,4.1666666666667,,,,,,2.0,,
1331,2015-03-08,2015-03-08,Campaign75,inactive,27.0,,1.8518518518518998,,,,,,,,
1332,2015-03-07,2015-03-07,Campaign75,inactive,18.0,,2.7777777777778,,,,,,4.0,,
1333,2015-03-06,2015-03-06,Campaign75,inactive,12.0,,4.1666666666667,,,,,,1.0,,
1334,2015-03-05,2015-03-05,Campaign75,inactive,16.0,,3.125,,,,,,2.0,,
1335,2015-03-04,2015-03-04,Campaign75,inactive,18.0,,2.2222222222222,,,,,,1.0,,
1336,2015-03-03,2015-03-03,Campaign75,inactive,12.0,,3.3333333333332997,,,,,,,,
1337,2015-03-03,2015-03-03,Campaign76,inactive,,,,,,,,,,,
1338,2015-03-02,2015-03-02,Campaign75,inactive,16.0,,2.5,,,,,,1.0,,
1339,2015-03-02,2015-03-02,Campaign76,inactive,1.0,,10.0,,,,,,,,
1340,2015-03-02,2015-03-02,Campaign77,inactive,1.0,,5.5,,,,,,,,
1341,2015-03-01,2015-03-01,Campaign77,inactive,4.0,,5.0,,,,,,,,
1342,2015-03-01,2015-03-01,Campaign75,inactive,12.0,,1.6666666666667,,,,,,,,
1343,2015-03-01,2015-03-01,Campaign76,inactive,2.0,,5.0,,,,,,,,
1344,2015-02-28,2015-02-28,Campaign76,inactive,1.0,,6.54,,,,,,,,
1345,2015-02-28,2015-02-28,Campaign75,inactive,8.0,,2.5,,,,,,,,
1346,2015-02-28,2015-02-28,Campaign77,inactive,1.0,,12.9,,,,,,,,
1347,2015-02-27,2015-02-27,Campaign75,inactive,6.0,,3.3333333333332997,,,,,,,,
1348,2015-02-26,2015-02-26,Campaign75,inactive,7.0,,2.8571428571429,,,,,,,,
1349,2015-02-25,2015-02-25,Campaign75,inactive,5.0,,4.0,,,,,,,,
1350,2015-02-24,2015-02-24,Campaign75,inactive,15.0,,1.3333333333333,,,,,,,,
1351,2015-02-23,2015-02-23,Campaign75,inactive,11.0,,1.5618181818182,,,,,,,,
1352,2015-02-22,2015-02-22,Campaign75,inactive,9.0,,2.56,,,,,,,,
1353,2015-02-21,2015-02-21,Campaign75,inactive,4.0,,5.28,,,,,,,,
1354,2015-02-20,2015-02-20,Campaign75,inactive,6.0,,4.1783333333333,,,,,,,,
1355,2015-02-19,2015-02-19,Campaign75,inactive,3.0,,4.4,,,,,,2.0,,
1356,2015-02-18,2015-02-18,Campaign75,inactive,2.0,,7.375,,,,,,,,
1357,2015-02-17,2015-02-17,Campaign75,inactive,2.0,,5.0,,,,,,,,
1358,2015-02-16,2015-02-16,Campaign75,inactive,4.0,,5.39,,,,,,,,
1359,2015-02-15,2015-02-15,Campaign75,inactive,4.0,,7.4225,,,,,,,,
1360,2015-02-14,2015-02-14,Campaign75,inactive,1.0,,7.92,,,,,,1.0,,
1361,2015-02-13,2015-02-13,Campaign75,inactive,,,,,,,,,,,
1362,2014-12-17,2014-12-17,Campaign78,inactive,,,,,,,,,1.0,,
1363,2014-12-16,2014-12-16,Campaign78,inactive,,,,,,,,,2.0,,
1364,2014-12-15,2014-12-15,Campaign78,inactive,,,,,,,,,1.0,,
1365,2014-12-14,2014-12-14,Campaign78,inactive,,,,,,,,,1.0,,
1366,2014-12-13,2014-12-13,Campaign78,inactive,,,,,,,,,4.0,,
1367,2014-12-12,2014-12-12,Campaign78,inactive,,,,,,,,,,,
1368,2014-12-11,2014-12-11,Campaign78,inactive,,,,,,,,,2.0,,
1369,2014-12-10,2014-12-10,Campaign78,inactive,,,,,,,,,,,
1370,2014-03-03,2014-03-03,Campaign74,inactive,,,,,,,,,,,
1371,2014-03-02,2014-03-02,Campaign74,inactive,,,,,,,,,,,
1372,2014-03-01,2014-03-01,Campaign74,inactive,,,,,,,,,,,
1373,2014-02-28,2014-02-28,Campaign74,inactive,,,,,,,,,1.0,,1.0
1374,2014-02-27,2014-02-27,Campaign74,inactive,,,,,,,,,,,
1375,2014-02-26,2014-02-26,Campaign74,inactive,,,,,,,,,,,
1376,2014-02-25,2014-02-25,Campaign74,inactive,,,,,,,,,,,
1377,2014-02-24,2014-02-24,Campaign74,inactive,,,,,,,,,,,
1378,2014-02-23,2014-02-23,Campaign74,inactive,,,,,,,,,,,
1379,2014-02-22,2014-02-22,Campaign74,inactive,,,,,,,,,,,
1380,2014-02-21,2014-02-21,Campaign74,inactive,,,,,,,,,,,
