# ----------------------------------------,,,,,,,
# Miratrix,,,,,,,
# Pages,,,,,,,
# 20180831-20190831,,,,,,,
# ----------------------------------------,,,,,,,
,,,,,,,
Page,Pageviews,Unique Pageviews,Avg. Time on Page,Entrances,Bounce Rate,% Exit,Page Value
/,813,665,00:02:05,641,14.35%,55.97%,Â£0.00
/www.miratrix.co.uk,515,388,00:02:17,373,59.25%,56.89%,Â£0.00
/get-in-touch/,336,163,00:01:06,23,10.53%,33.04%,Â£0.00
/app-marketing-agency/,140,120,00:02:04,73,18.31%,57.86%,Â£0.00
/app-store-optimization-services/,136,105,00:01:30,22,14.29%,47.79%,Â£0.00
/get-in-touch/www.miratrix.co.uk,87,66,00:02:19,7,71.43%,45.98%,Â£0.00
/miratrix.co.uk,68,42,00:00:49,41,68.29%,50.00%,Â£0.00
/app-marketing-agency/www.miratrix.co.uk,67,58,00:02:36,24,75.00%,58.21%,Â£0.00
/?page_id=16198,60,2,00:00:15,1,0.00%,0.00%,Â£0.00
/app-store-optimization-services/www.miratrix.co.uk,55,48,00:02:42,7,71.43%,47.27%,Â£0.00
/blog/,34,32,00:01:26,13,14.29%,61.76%,Â£0.00
/channel/UCAQfRNzXGD4BQICkO1KQZUA,30,25,00:00:34,24,41.67%,46.67%,Â£0.00
/blog/www.miratrix.co.uk,25,24,00:00:48,11,63.64%,72.00%,Â£0.00
/channel/UCAQfRNzXGD4BQICkO1KQZUA/videos,23,21,00:04:44,9,88.89%,78.26%,Â£0.00
/blippar-the-message-isnt-clear/,20,17,00:00:30,17,41.18%,85.00%,Â£0.00
/mobile-app-competitor-analysis/,19,15,00:08:12,15,6.67%,78.95%,Â£0.00
/instagram-ads-for-business/,17,12,00:01:45,2,100.00%,41.18%,Â£0.00
/candy-crush-ads-london/www.miratrix.co.uk,13,9,00:05:01,9,66.67%,61.54%,Â£0.00
/category/the-weekly-noise/,13,13,00:02:32,4,25.00%,46.15%,Â£0.00
/author/nduddy/www.miratrix.co.uk,12,10,00:06:44,9,66.67%,66.67%,Â£0.00
/facebook-ad-agency/,12,12,00:00:25,2,50.00%,25.00%,Â£0.00
/in-app-analytics-setup/www.miratrix.co.uk,12,9,00:04:32,8,75.00%,75.00%,Â£0.00
/candy-crush-ads-london/,11,10,00:09:45,10,27.27%,90.91%,Â£0.00
/facebook-ad-agency/www.miratrix.co.uk,11,11,00:00:57,3,66.67%,36.36%,Â£0.00
/mobile-app-competitor-analysis/www.miratrix.co.uk,11,11,00:00:00,11,100.00%,100.00%,Â£0.00
/weekly-round-up-9/,11,8,00:00:37,8,0.00%,63.64%,Â£0.00
/google-play-ads/,9,8,00:00:33,1,100.00%,33.33%,Â£0.00
/tag/rendevu-app/www.miratrix.co.uk,9,6,00:00:14,6,66.67%,66.67%,Â£0.00
/c/miratrixcouk,8,7,00:05:23,7,57.14%,62.50%,Â£0.00
/get-in-touch/miratrix.co.uk,8,5,00:01:13,2,50.00%,50.00%,Â£0.00
/google-play-ads/www.miratrix.co.uk,8,6,00:02:35,1,100.00%,37.50%,Â£0.00
/making-a-difference/beirut/,8,7,00:09:05,7,42.86%,87.50%,Â£0.00
/mobile-marketing-agency-uk/,8,7,00:00:23,1,100.00%,50.00%,Â£0.00
/privacy-policy/,8,7,00:04:07,7,0.00%,37.50%,Â£0.00
/travel-app-store-optimization/www.miratrix.co.uk,8,7,00:00:14,6,83.33%,75.00%,Â£0.00
/app-store-optimization-services/miratrix.co.uk,7,7,00:00:23,2,100.00%,85.71%,Â£0.00
/black-hat-aso-malware/www.miratrix.co.uk,7,7,00:00:22,6,100.00%,85.71%,Â£0.00
/tag/escort-app/www.miratrix.co.uk,7,6,00:00:11,6,83.33%,85.71%,Â£0.00
/5-tips-successful-app/www.miratrix.co.uk,6,3,00:09:06,3,33.33%,50.00%,Â£0.00
/analytics-and-investments/five-stars/www.miratrix.co.uk,6,6,00:00:00,6,100.00%,100.00%,Â£0.00
/blippar-the-message-isnt-clear/www.miratrix.co.uk,6,3,00:00:37,3,33.33%,50.00%,Â£0.00
/category/mtx-noisy-video/,6,6,00:06:46,2,50.00%,66.67%,Â£0.00
/privacy-policy/www.miratrix.co.uk,6,6,00:00:28,3,66.67%,33.33%,Â£0.00
/subscribe?u=169542ab127b8761d7b114daf&id=819281ee48,6,6,00:00:00,6,100.00%,100.00%,Â£0.00
/we-need-to-talk-about-apple/day-today-43/,6,6,00:00:00,6,66.67%,100.00%,Â£0.00
/android-users-warned-sophisticated-malware/www.miratrix.co.uk,5,3,00:00:11,2,50.00%,40.00%,Â£0.00
/apple-app-store-freeze-2014/www.miratrix.co.uk,5,5,00:00:00,5,100.00%,100.00%,Â£0.00
/category/app-marketing-events/www.miratrix.co.uk,5,5,00:00:01,3,33.33%,20.00%,Â£0.00
/channel/UCAQfRNzXGD4BQICkO1KQZUA/playlists,5,5,00:00:34,1,0.00%,20.00%,Â£0.00
/tag/google-duo/www.miratrix.co.uk,5,3,00:00:30,3,66.67%,60.00%,Â£0.00
/app-marketing-at-christmas/www.miratrix.co.uk,4,4,00:00:00,4,100.00%,100.00%,Â£0.00
/app-overlap-does-it-matter/miratrix.co.uk,4,4,00:00:00,4,100.00%,100.00%,Â£0.00
/app-store-optimization-services,4,4,00:00:00,4,50.00%,100.00%,Â£0.00
/appy-christmas-week/,4,3,00:02:18,2,0.00%,50.00%,Â£0.00
/blog/miratrix.co.uk,4,4,00:00:00,4,100.00%,100.00%,Â£0.00
/category/the-weekly-noise/www.miratrix.co.uk,4,4,00:00:12,1,100.00%,75.00%,Â£0.00
/channel/UCFL-q59vTl4Jrj9WHEyPSqQ/videos,4,1,00:02:26,0,0.00%,25.00%,Â£0.00
/clueful-privacy-app/www.miratrix.co.uk,4,4,00:00:00,4,100.00%,100.00%,Â£0.00
/ground-breaking-app-used-air-ambulance-crews/,4,2,00:01:46,2,0.00%,50.00%,Â£0.00
/happy-birthday-miratrix/,4,4,00:00:00,4,100.00%,100.00%,Â£0.00
/miratrix-23-golden-square-london-w1f-9jp/23-golden-square-london-w1f-9jp/,4,4,00:00:00,4,0.00%,100.00%,Â£0.00
/privacy-policy,4,1,00:00:33,1,0.00%,0.00%,Â£0.00
/star-power/alexa-chung/www.miratrix.co.uk,4,4,00:00:00,4,100.00%,100.00%,Â£0.00
/star-power/jared-leto-as-the-joker/,4,3,00:00:14,3,0.00%,75.00%,Â£0.00
/top-3-competitor-analysis-for-aso/,4,4,00:36:19,4,0.00%,75.00%,Â£0.00
/warning-apps-leaking-personal-data/www.miratrix.co.uk,4,4,00:00:20,2,100.00%,75.00%,Â£0.00
/weekly-round-up-6/www.miratrix.co.uk,4,4,00:00:00,4,100.00%,100.00%,Â£0.00
/weekly-round-up-7/,4,4,00:00:00,4,25.00%,100.00%,Â£0.00
/ğŸ’¥miratrixğŸ’¯-top-app-marketing-mobyaffiliates-ğŸ˜-mtx68/,3,3,00:00:18,0,0.00%,0.00%,Â£0.00
/ğŸ’¥miratrixğŸ’¯-top-app-marketing-mobyaffiliates-ğŸ˜-mtx68/www.miratrix.co.uk,3,3,00:00:35,2,100.00%,66.67%,Â£0.00
/add-business-to-yelp/,3,2,00:02:09,2,0.00%,66.67%,Â£0.00
/app-marketing-agency/miratrix.co.uk,3,3,00:00:36,1,100.00%,66.67%,Â£0.00
/category/mtx-noisy-video/www.miratrix.co.uk,3,3,00:00:00,1,100.00%,100.00%,Â£0.00
/channel/UCAQfRNzXGD4BQICkO1KQZUA/videos?view=0&flow=grid&sort=dd,3,3,00:00:00,3,100.00%,100.00%,Â£0.00
/channel/UCFL-q59vTl4Jrj9WHEyPSqQ,3,3,00:00:48,0,0.00%,0.00%,Â£0.00
/get-in-touch/?preview_id=12845&preview_nonce=9c0028a385&_thumbnail_id=-1&preview=true,3,1,00:02:51,0,0.00%,0.00%,Â£0.00
/google-miratirx-isnt-just-a-power-ranger/www.miratrix.co.uk,3,3,00:00:00,3,100.00%,100.00%,Â£0.00
/instagram-ads-for-business/www.miratrix.co.uk,3,3,00:00:16,2,50.00%,33.33%,Â£0.00
/pay-per-click-agency/www.miratrix.co.uk,3,3,00:00:14,2,50.00%,33.33%,Â£0.00
/seo-agency-london/,3,3,00:01:05,1,100.00%,33.33%,Â£0.00
/star-power/alexa-chung/,3,3,00:00:00,3,33.33%,100.00%,Â£0.00
/tag/facebook-workplace-chat/www.miratrix.co.uk?SuperSocializerAuth=LiveJournal,3,1,00:00:15,1,0.00%,33.33%,Â£0.00
/tag/natwest/www.miratrix.co.uk,3,3,00:00:00,3,100.00%,100.00%,Â£0.00
/tag/whatsapp/www.miratrix.co.uk,3,3,00:00:00,3,100.00%,100.00%,Â£0.00
/weekly-round-up-11/www.miratrix.co.uk,3,3,00:00:00,3,100.00%,100.00%,Â£0.00
/weekly-round-up-8/,3,3,00:00:00,3,100.00%,100.00%,Â£0.00
/what-is-content-marketing/,3,3,00:00:00,2,0.00%,100.00%,Â£0.00
/#utm_source=nav&utm_medium=traffic&utm_campaign=datatools,2,2,00:00:19,2,0.00%,50.00%,Â£0.00
/analytics-and-investments/five-stars/,2,2,00:00:00,2,50.00%,100.00%,Â£0.00
/android-users-warned-sophisticated-malware/,2,2,00:00:00,2,0.00%,100.00%,Â£0.00
/app-cpi-how-to-pick-a-strong-app-icon/www.miratrix.co.uk,2,2,00:00:00,2,100.00%,100.00%,Â£0.00
/app-marketing-agency/#utm_source=nav&utm_medium=traffic&utm_campaign=datatools,2,2,00:00:04,1,0.00%,50.00%,Â£0.00
/app-marketing-tool/,2,2,00:00:39,2,0.00%,50.00%,Â£0.00
/aps-berlin-2014/soundcloud-mobile-growth-stack/,2,2,00:00:00,2,0.00%,100.00%,Â£0.00
/author/nduddy/,2,2,00:01:47,0,0.00%,50.00%,Â£0.00
/author/nduddy/page/22/,2,1,00:00:19,0,0.00%,0.00%,Â£0.00
/author/nduddy/page/4/,2,1,00:02:04,1,0.00%,0.00%,Â£0.00
/basic-guide-surviving-app-store/,2,1,00:04:19,1,0.00%,50.00%,Â£0.00
/black-hat-aso-malware/,2,2,00:03:46,2,0.00%,50.00%,Â£0.00
/blog/page/13/?s=,2,1,00:00:12,1,0.00%,50.00%,Â£0.00
/blog/page/32/www.miratrix.co.uk?s=&SuperSocializerAuth=LiveJournal,2,2,00:00:00,2,100.00%,100.00%,Â£0.00
/british-users-uninstall-apps-one-day/www.miratrix.co.uk,2,2,00:00:00,2,100.00%,100.00%,Â£0.00
/category/app-marketing-events/,2,2,00:00:00,1,0.00%,100.00%,Â£0.00
/category/miratrix/www.miratrix.co.uk,2,2,00:00:11,1,100.00%,50.00%,Â£0.00
/category/mtx-noisy-video/page/6/www.miratrix.co.uk,2,2,00:00:13,1,100.00%,50.00%,Â£0.00
/channel/UCAQfRNzXGD4BQICkO1KQZUA?disable_polymer=true,2,2,00:00:44,0,0.00%,50.00%,Â£0.00
/channel/UCAQfRNzXGD4BQICkO1KQZUA/about,2,2,00:14:45,0,0.00%,0.00%,Â£0.00
/channel/UCAQfRNzXGD4BQICkO1KQZUA/videos?app=desktop,2,2,00:00:00,2,100.00%,100.00%,Â£0.00
/chinese-app-store-spam/,2,2,00:00:56,2,0.00%,50.00%,Â£0.00
/christmas-app-marketing-research/christmas-app-marketing/,2,1,00:04:02,1,0.00%,50.00%,Â£0.00
/faster-fresher-phone-apps-flutter/www.miratrix.co.uk,2,2,00:00:00,2,100.00%,100.00%,Â£0.00
/get-in-touch/?preview_id=12845&preview_nonce=46ae12c090&_thumbnail_id=-1&preview=true,2,1,00:01:00,1,0.00%,0.00%,Â£0.00
/google-criticised-for-spy-apps/,2,2,00:10:10,1,0.00%,50.00%,Â£0.00
/google-criticised-for-spy-apps/www.miratrix.co.uk,2,2,00:00:17,1,100.00%,50.00%,Â£0.00
/google-play-rankings-boost-chinese-app-malware/www.miratrix.co.uk,2,2,00:00:00,2,100.00%,100.00%,Â£0.00
/google-rolls-new-chat-messenger/www.miratrix.co.uk,2,2,00:00:21,1,100.00%,50.00%,Â£0.00
/juicy-aso-talking-affiliatefest-mtx45/,2,2,00:00:00,2,0.00%,100.00%,Â£0.00
/marketing-apps-at-christmas/,2,2,00:00:00,2,0.00%,100.00%,Â£0.00
/miss-aso-barcamp-4-mtx58/,2,2,00:00:00,1,0.00%,100.00%,Â£0.00
/miss-aso-barcamp-4-mtx58/www.miratrix.co.uk,2,2,00:00:00,1,100.00%,100.00%,Â£0.00
/mobile-marketing-agency-uk/miratrix.co.uk,2,2,00:00:00,2,100.00%,100.00%,Â£0.00
/mobile-marketing-agency-uk/www.miratrix.co.uk,2,2,00:00:59,0,0.00%,0.00%,Â£0.00
/new-app-will-bring-end-supermarket-queues/,2,2,00:00:00,2,50.00%,100.00%,Â£0.00
/new-app-will-bring-end-supermarket-queues/miratrix.co.uk,2,1,00:00:18,1,0.00%,0.00%,Â£0.00
/new-ar-apps-games-unveiled/www.miratrix.co.uk,2,2,00:00:00,1,100.00%,100.00%,Â£0.00
/nhs-considers-heart-attack-app/,2,2,00:00:00,1,0.00%,100.00%,Â£0.00
/online-banking-will-be-overtaken-by-mobile-apps-next-year/,2,1,00:06:53,1,0.00%,50.00%,Â£0.00
/online-banking-will-be-overtaken-by-mobile-apps-next-year/www.miratrix.co.uk,2,2,00:04:36,1,100.00%,50.00%,Â£0.00
/organic-app-growth/our-clients/www.miratrix.co.uk,2,1,00:03:47,0,0.00%,0.00%,Â£0.00
/page/2/,2,2,00:00:12,0,0.00%,50.00%,Â£0.00
/page/2/www.miratrix.co.uk,2,2,00:00:19,1,100.00%,50.00%,Â£0.00
/page/3/miratrix.co.uk,2,2,00:00:00,2,100.00%,100.00%,Â£0.00
/page/3/www.miratrix.co.uk,2,2,00:00:28,1,100.00%,50.00%,Â£0.00
/page/64/www.miratrix.co.uk,2,2,00:01:33,1,100.00%,50.00%,Â£0.00
/pay-per-click-agency/,2,2,00:00:28,0,0.00%,50.00%,Â£0.00
/research-methods-resource/,2,2,00:00:00,0,0.00%,100.00%,Â£0.00
/social-club/,2,1,00:14:21,1,0.00%,50.00%,Â£0.00
/star-power/jared-leto-as-the-joker/www.miratrix.co.uk,2,2,00:00:00,2,100.00%,100.00%,Â£0.00
/sup-app-failed-mtx48/,2,2,00:00:00,2,0.00%,100.00%,Â£0.00
/tag/google-play/,2,1,00:00:42,1,0.00%,50.00%,Â£0.00
/tag/klevio-one/www.miratrix.co.uk,2,2,00:00:00,2,100.00%,100.00%,Â£0.00
/tag/mobile-shopping-apps/www.miratrix.co.uk,2,1,00:00:12,1,0.00%,50.00%,Â£0.00
/take-a-day-off/www.miratrix.co.uk,2,2,00:00:00,2,100.00%,100.00%,Â£0.00
/where-the-fk-are-my-users-app-retention/,2,2,00:00:00,2,0.00%,100.00%,Â£0.00
/window-shopping/hay-day/,2,2,00:00:00,2,50.00%,100.00%,Â£0.00
/?amp;utm_medium=listing&amp;utm_campaign=Google_Business_Listing,1,1,00:00:00,1,0.00%,100.00%,Â£0.00
/?fbclid=IwAR0IXsW8b8_z3vSfT69RIBf0Ulq0edzFTwChEPREn_uwIQ68-bIZKgr0G5U,1,1,00:00:00,1,0.00%,100.00%,Â£0.00
/?fbclid=IwAR0uXHbMc-BBQUF9V5quM8bYe9xcWVLPcRjDiYMh4uTH6SkEs4fdUli23cM,1,1,00:00:00,1,100.00%,100.00%,Â£0.00
/?fbclid=IwAR0W3hmri-R9pN5VV6zfGQpCqs6-36ShWce6bZ3Fo0oVq09EqLTj_zEb-Mo,1,1,00:00:00,1,0.00%,100.00%,Â£0.00
/?fbclid=IwAR0XkprnGbmlHTZLC6LllL8DTGva00suc5rUnmzjEZuLHiJhgYWIh7dXthk,1,1,00:00:00,1,100.00%,100.00%,Â£0.00
/?fbclid=IwAR16_Evaq4UFXZCIflvdiTlRbyigBQKkHp6419f9FMHkmFzF3LpH3Hjugg8,1,1,00:00:00,1,0.00%,100.00%,Â£0.00
/?fbclid=IwAR16OuQmB1ci7Bnt7FxucxJUXZIGDy1BYoroHJa0msMTKwN8iL6k-OMhpIY,1,1,00:00:00,1,0.00%,100.00%,Â£0.00
/?fbclid=IwAR1F0oJaKL8W2kM0v-CuIws8CimRbkNO2kdlPRjlvf0fh5J2dmyOTO6NEZU,1,1,00:00:00,1,100.00%,100.00%,Â£0.00
/?fbclid=IwAR1Sk6H7cR92u7yoG0G02iA5KmpwhBQVUMN1B3vlWdRRt3yGeVuYKI0zps4,1,1,00:00:00,1,0.00%,100.00%,Â£0.00
/?fbclid=IwAR1UkIF045xT1wimY-q2BROCC746S8f_Ow_NbW95qD4QnLuQJ2lPryThjaQ,1,1,00:00:00,1,0.00%,100.00%,Â£0.00
/?fbclid=IwAR1zr5_z5G-Uf3EfxJLsIKTFlryGszgei7Hz6CrZdkrFnYRPIp5tdzEZ1PQ,1,1,00:00:00,1,100.00%,100.00%,Â£0.00
/?fbclid=IwAR2eYrxS8BAqdcPHxwg3gYDKllZRHM9u_0F7lleKHvuVltAXcxbJuwHEHoo,1,1,00:00:00,1,0.00%,100.00%,Â£0.00
/?fbclid=IwAR2Gt5TotfCuXyjMUte8zgtxydnCVGRat6YkXVx3pMh-9meb7U2iz8O2Bhw,1,1,00:00:00,1,100.00%,100.00%,Â£0.00
/?fbclid=IwAR2JJWAETiNd4TY0x_wLzp3rvvdpYMnV1wNl5rSj_BJ9u21AcSszt75EzTA,1,1,00:00:00,1,0.00%,100.00%,Â£0.00
/?fbclid=IwAR2Zib_BNJDo_AdLobCYxgFy_Ydk4vCKG2PYzKFlKOLEw2pP6yCcB6ulIkI,1,1,00:00:00,1,100.00%,100.00%,Â£0.00
/?fbclid=IwAR3avBBOvbmUk_ISExUnlr9PlJi9bZQShHqznQTh6UywCRTXcctVd46B3ss,1,1,00:00:00,1,0.00%,100.00%,Â£0.00
/?fbclid=IwAR3NI0aXa8UV1uGMnX8Lqusdj136QJfRPQquFpY_4OLTg4-jbytJKb_Ix80,1,1,00:00:00,1,100.00%,100.00%,Â£0.00
/?fbclid=IwAR3r-Sok_j2o1zQRkKEk4TCxKB_eVfbITE9v3rodWqo-dimWSKtHWJWoRFY,1,1,00:00:00,1,100.00%,100.00%,Â£0.00
/ğŸ“ˆ-will-favourite-app-marketing-channel-surprise-mtx65/www.miratrix.co.uk,1,1,00:00:00,1,100.00%,100.00%,Â£0.00
/2014/08/www.miratrix.co.uk,1,1,00:00:00,1,100.00%,100.00%,Â£0.00
/2944-2gopro-app-banks-go-biometric-samsonite-saves-luggage/,1,1,00:00:00,1,0.00%,100.00%,Â£0.00
/5-tips-successful-app/,1,1,00:00:00,1,0.00%,100.00%,Â£0.00
/analytics-and-investments/selfie-age-pic/,1,1,00:00:00,1,0.00%,100.00%,Â£0.00
/analytics-and-investments/www.miratrix.co.uk,1,1,00:00:00,1,100.00%,100.00%,Â£0.00
/apigee-corp-snapped-up-by-google/,1,1,00:00:00,1,100.00%,100.00%,Â£0.00
/app-cost-per-acquisition-increases-but-why/,1,1,00:00:00,1,0.00%,100.00%,Â£0.00
/app-cpi-how-to-pick-a-strong-app-icon/,1,1,00:00:00,1,0.00%,100.00%,Â£0.00
/app-developers-look-web-hybrid-apps/,1,1,00:00:00,1,100.00%,100.00%,Â£0.00
/app-fed-parents/,1,1,00:00:00,1,0.00%,100.00%,Â£0.00
/app-marketing-agency/?fbclid=IwAR1d87puIxpZVr_AYQrvaLmScQ6zgWgPnZqFKfEdA-AZZPhci4-K6s-I67o,1,1,00:00:00,1,0.00%,100.00%,Â£0.00
/app-marketing-agency/hj,1,1,00:00:07,1,0.00%,0.00%,Â£0.00
/app-marketing-agency/www.miratrix.co.uk#utm_source=nav&utm_medium=traffic&utm_campaign=datatools,1,1,00:00:00,1,100.00%,100.00%,Â£0.00
/app-store-optimization-services/miratrix.co.uk#utm_source=nav&utm_medium=traffic&utm_campaign=datatools,1,1,00:00:00,1,100.00%,100.00%,Â£0.00
/app-store-review-kpi/www.miratrix.co.uk,1,1,00:00:00,1,100.00%,100.00%,Â£0.00
/apple-searchads-watch-matching-mtx61/www.miratrix.co.uk,1,1,00:00:00,1,100.00%,100.00%,Â£0.00
/apps-can-hacked-revealed/,1,1,00:00:20,0,0.00%,0.00%,Â£0.00
/apps-can-hacked-revealed/www.miratrix.co.uk,1,1,00:00:00,1,100.00%,100.00%,Â£0.00
/apps-create-second-hand-car-security-risk/,1,1,00:00:00,1,0.00%,100.00%,Â£0.00
/apps-in-google-play-store-spy-on-users/www.miratrix.co.uk,1,1,00:00:00,1,100.00%,100.00%,Â£0.00
/apps-we-played-at-the-weekend-the-simpsons-v-family-guy/,1,1,00:00:00,1,0.00%,100.00%,Â£0.00
/apps-world-london-2016/,1,1,00:00:00,1,0.00%,100.00%,Â£0.00
/aps-berlin-2014/www.miratrix.co.uk,1,1,00:00:00,1,100.00%,100.00%,Â£0.00
/aps-london-2016-app-data-deck/,1,1,00:00:00,1,0.00%,100.00%,Â£0.00
/aps-london-2016-app-data-deck/www.miratrix.co.uk,1,1,00:00:00,1,100.00%,100.00%,Â£0.00
/are-we-at-app-en-app-peak-is/www.miratrix.co.uk,1,1,00:00:00,1,100.00%,100.00%,Â£0.00
/aso-ctr-vs-incent-campaign-mtx45/www.miratrix.co.uk,1,1,00:00:00,1,100.00%,100.00%,Â£0.00
/aso-search-volumes-uk-app-store-ğŸ‘€-mtx63/www.miratrix.co.uk,1,1,00:00:00,1,100.00%,100.00%,Â£0.00
/aso-web-search-important-aso-ğŸ“ˆ-mtx64/,1,1,00:00:43,1,0.00%,0.00%,Â£0.00
/aso-web-search-important-aso-ğŸ“ˆ-mtx64/?fbclid=IwAR2SW-H2l1r8eBWIsqlpQLf0yc2F-KylPj3F9e9jNAa7RFEqnFXGwfqgJJM,1,1,00:00:00,1,0.00%,100.00%,Â£0.00
/aso-web-search-important-aso-ğŸ“ˆ-mtx64/www.miratrix.co.uk,1,1,00:00:00,1,100.00%,100.00%,Â£0.00
/author/apartridge/,1,1,00:00:00,0,0.00%,100.00%,Â£0.00
/author/nduddy/miratrix.co.uk,1,1,00:00:05,1,0.00%,0.00%,Â£0.00
/author/nduddy/page/2/www.miratrix.co.uk,1,1,00:00:13,1,0.00%,0.00%,Â£0.00
/author/nduddy/page/21/,1,1,00:00:10,0,0.00%,0.00%,Â£0.00
/author/nduddy/page/9/miratrix.co.uk,1,1,00:00:00,1,100.00%,100.00%,Â£0.00
/automate-everything-die-mtx59/www.miratrix.co.uk,1,1,00:00:00,1,100.00%,100.00%,Â£0.00
/aviate-launcher-app-review,1,1,00:00:00,0,0.00%,0.00%,Â£0.00
/bank-app-works-blink-eye/,1,1,00:00:00,1,0.00%,100.00%,Â£0.00
/basic-guide-surviving-app-store/www.miratrix.co.uk,1,1,00:01:14,1,0.00%,0.00%,Â£0.00
/blippar-the-message-isnt-clear/miratrix.co.uk,1,1,00:00:00,1,100.00%,100.00%,Â£0.00
/blog/page/18/www.miratrix.co.uk?SuperSocializerAuth=LiveJournal,1,1,00:00:00,1,100.00%,100.00%,Â£0.00
/blog/page/2/www.miratrix.co.uk,1,1,00:00:00,1,100.00%,100.00%,Â£0.00
/blog/page/22/,1,1,00:00:00,1,0.00%,100.00%,Â£0.00
/blog/page/3/www.miratrix.co.uk,1,1,00:00:00,1,100.00%,100.00%,Â£0.00
/blog/page/30/www.miratrix.co.uk?SuperSocializerAuth=LiveJournal,1,1,00:14:57,1,0.00%,0.00%,Â£0.00
/blog/page/39,1,1,00:00:00,0,0.00%,100.00%,Â£0.00
/blog/page/43/www.miratrix.co.uk,1,1,00:00:00,1,100.00%,100.00%,Â£0.00
/blog/page/5/www.miratrix.co.uk,1,1,00:03:03,0,0.00%,0.00%,Â£0.00
/c/miratrixcouk?fbclid=IwAR250qrnnMYCGlKokzFXduD3gZ-iwPiJ9W9qhK0lgANVSrmsAEuBB8RmWVU,1,1,00:00:00,1,100.00%,100.00%,Â£0.00
/candy-crush-ads-london/kings-candy-crush-blog/,1,1,00:00:00,1,100.00%,100.00%,Â£0.00
/category/app-marketing/,1,1,00:00:00,0,0.00%,100.00%,Â£0.00
/category/app-marketing/www.miratrix.co.uk,1,1,00:00:00,1,100.00%,100.00%,Â£0.00
/category/app-store-optimization/www.miratrix.co.uk,1,1,00:00:00,1,100.00%,100.00%,Â£0.00
/category/miratrix/page/10/www.miratrix.co.uk,1,1,00:00:00,1,100.00%,100.00%,Â£0.00
/category/mtx-noisy-video/page/2/www.miratrix.co.uk,1,1,00:00:00,1,100.00%,100.00%,Â£0.00
/category/mtx-noisy-video/page/3/www.miratrix.co.uk,1,1,00:00:00,1,100.00%,100.00%,Â£0.00
/category/mtx-noisy-video/page/5/,1,1,00:00:00,1,0.00%,100.00%,Â£0.00
/category/the-weekly-noise/page/11/www.miratrix.co.uk?SuperSocializerAuth=LiveJournal,1,1,00:00:00,1,100.00%,100.00%,Â£0.00
/category/the-weekly-noise/page/13/,1,1,00:07:23,1,0.00%,0.00%,Â£0.00
/category/the-weekly-noise/page/13/www.miratrix.co.uk,1,1,00:00:00,1,100.00%,100.00%,Â£0.00
/category/the-weekly-noise/page/2/www.miratrix.co.uk,1,1,00:00:00,1,100.00%,100.00%,Â£0.00
/category/the-weekly-noise/page/3/www.miratrix.co.uk,1,1,00:00:00,1,100.00%,100.00%,Â£0.00
/channel/UCAQfRNzXGD4BQICkO1KQZUA?view_as=subscriber,1,1,00:00:15,1,0.00%,0.00%,Â£0.00
/channel/UCAQfRNzXGD4BQICkO1KQZUA/channels,1,1,00:21:45,0,0.00%,0.00%,Â£0.00
/channel/UCAQfRNzXGD4BQICkO1KQZUA/featured,1,1,00:00:05,0,0.00%,0.00%,Â£0.00
/channel/UCAQfRNzXGD4BQICkO1KQZUA/videos?disable_polymer=1,1,1,00:00:00,0,0.00%,100.00%,Â£0.00
/channel/UCAQfRNzXGD4BQICkO1KQZUA/videos?view=0&sort=dd&flow=grid,1,1,00:00:00,0,0.00%,100.00%,Â£0.00
/channel/UCAQfRNzXGD4BQICkO1KQZUA/videos?view=0&sort=p&flow=grid,1,1,00:14:43,0,0.00%,0.00%,Â£0.00
/channel/UCO3MaQR-Vh6cgBZRlD44jWg,1,1,00:00:03,1,0.00%,0.00%,Â£0.00
/clash-royale-600-app-reviews-beta/clash-royale-app-reviews/www.miratrix.co.uk,1,1,00:00:00,1,100.00%,100.00%,Â£0.00
/droidcon-not-just-for-devs/,1,1,00:00:00,1,0.00%,100.00%,Â£0.00
/facebook-ad-agency/miratrix.co.uk,1,1,00:00:00,0,0.00%,100.00%,Â£0.00
/facebook-faces-lawsuit-messenger-app/www.miratrix.co.uk,1,1,00:00:00,1,100.00%,100.00%,Â£0.00
/facebook-unveils-terms-revamp/www.miratrix.co.uk,1,1,00:00:00,1,100.00%,100.00%,Â£0.00
/fears-malware-preloaded-phones/www.miratrix.co.uk,1,1,00:00:00,1,100.00%,100.00%,Â£0.00
/free-dating-apps-hit-online-romance-sites/,1,1,00:02:39,1,0.00%,0.00%,Â£0.00
/game-play-to-cure-genes-in-space/,1,1,00:00:00,1,0.00%,100.00%,Â£0.00
/game-play-to-cure-genes-in-space/?fbclid=IwAR0S7rYXChoiouI6H3yewO6GLJy4WB-N-jFl_0PoThF9avcnvreY3hFf3xs,1,1,00:00:00,1,0.00%,100.00%,Â£0.00
/get-in-touch/?fbclid=IwAR1jb8_eEFwJzaRnXzgq6URC4iK7da-soTDRXI9nw9do_nO0BlP2XMzpBUI,1,1,00:00:00,1,0.00%,100.00%,Â£0.00
/get-in-touch/?fbclid=IwAR1Mtcr25LBp_HFxqnxaCcdFW3IuYEY9zi0eWPOJJ7EYqrWZ7aLFdMLa2vQ,1,1,00:00:00,1,0.00%,100.00%,Â£0.00
/get-in-touch/?fbclid=IwAR2VDmXotfFfPQ0lfh1v3K1UaqbkA-yTDz9sbJAtrU3ZY0WuPtCvrHOibeo,1,1,00:00:00,1,100.00%,100.00%,Â£0.00
/get-in-touch/?fbclid=IwAR2Y-SlncjrdniQ6hQJt3NCyTiMxJXmRpBn7FLQ-s9jHN-vVCFbkLh5cs_8,1,1,00:00:00,1,0.00%,100.00%,Â£0.00
/get-in-touch/?preview=true,1,1,00:02:06,0,0.00%,0.00%,Â£0.00
/go.php?u=quh9O6fk3cp+g1Q0B84ejuJAQA==&b=5&f=norefer,1,1,00:00:27,1,0.00%,0.00%,Â£0.00
/go.php?u=quh9O6fk3cp+g1Q0B84ejuJAQEZJll4HdKCQfOVJedw=&b=5,1,1,00:00:11,0,0.00%,0.00%,Â£0.00
/go.php?u=quh9O7m+gcpnkEcjR8wG07lIAEwDjhYPfuuLYf1GaJpICjY4ebQy5itrwJGI8mdy/xFRAx2jfTOmg+6EPY+09e3SpRN05tZm6PA=&b=5&f=frame&u=quh9O6fk3cp+g1Q0B84ejuJAQEZJll4HdKCQfOVJedw=&b=5,1,1,00:00:06,0,0.00%,0.00%,Â£0.00
/go.php?u=quh9O7m+gcpnkEcjR8wG07lIAEwDjhYPfuuLYf1GaJpICjY4ebQy5itrwJGI8mdy/xFRAx2jfTOmg+6EPY+09e3SpRN05tZm6PA=&b=5&f=frame&u=quh9O7m+gcpnkEcjR8wG07lIAEwDjhYPfuuLYf1GaJpICjY4ebQy5itrwJGI8mdy/xFRAx2jfTOmg+6EPY+09e3SpRN05tZm6PA=&b=5&f=frame&u=quh9O7m+gcpnkEcjR8wG07lIAEwDjhYPfuuLYf1GaJpICjY4ebQy5itrwJGI8mdy/xFRAx2jfzOmg+6EPY+09e3SpRN05tZp4/U=&b=5&f=frame&u=quh9O6fk3cp+g1Q0B84ejuJAQEZJll4HdKCQfOVJedw=&b=5,1,1,00:00:07,0,0.00%,0.00%,Â£0.00
/go.php?u=quh9O7m+gcpnkEcjR8wG07lIAEwDjhYPfuuLYf1GaJpICjY4ebQy5itrwJGI8mdy/xFRAx2jfTOmg+6EPY+09e3SpRN05tZm6PA=&b=5&f=frame&u=quh9O7m+gcpnkEcjR8wG07lIAEwDjhYPfuuLYf1GaJpICjY4ebQy5itrwJGI8mdy/xFRAx2jfzOmg+6EPY+09e3SpRN05tZp4/U=&b=5&f=frame&u=quh9O6fk3cp+g1Q0B84ejuJAQEZJll4HdKCQfOVJedw=&b=5,1,1,00:00:03,0,0.00%,0.00%,Â£0.00
/go.php?u=quh9O7m+gcpnkEcjR8wG07lIAEwDjhYPfuuLYf1GaJpICjY4ebQy5itrwJGI8mdy/xFRAx2jfTOmg+6EPY+09e3SpRN05tZm6PA=&b=5&f=frame&u=quh9O7m+gcpnkEcjR8wG07lIAEwDjhYPfuuLYf1GaJpICjY4ebQy5itrwJGI8mdy/xFRAx2jfzOmg+6EPY+09e3SpRN05tZp4/U=&b=5&f=frame&u=quh9O7m+gcpnkEcjR8wG07lIAEwDjhYPfuuLYf1GaJpICjY4ebQy5itrwJGI8mdy/xFTBhuneDOmg+6EPY+09e3SpRN05tZo5/w=&b=5&f=frame&u=quh9O6fk3cp+g1Q0B84ejuJAQEZJll4HdKCQfOVJedw=&b=5,1,1,00:00:01,0,0.00%,0.00%,Â£0.00
/go.php?u=quh9O7m+gcpnkEcjR8wG07lIAEwDjhYPfuuLYf1GaJpICjY4ebQy5itrwJGI8mdy/xFRAx2jfTOmg+6EPY+09e3SpRN05tZm6PA=&b=5&f=frame&u=quh9O7m+gcpnkEcjR8wG07lIAEwDjhYPfuuLYf1GaJpICjY4ebQy5itrwJGI8mdy/xFTBhuneDOmg+6EPY+09e3SpRN05tZo5/w=&b=5&f=frame&u=quh9O6fk3cp+g1Q0B84ejuJAQEZJll4HdKCQfOVJedw=&b=5,1,1,00:00:03,0,0.00%,0.00%,Â£0.00
/go.php?u=quh9O7m+gcpnkEcjR8wG07lIAEwDjhYPfuuLYf1GaJpICjY4ebQy5itrwJGI8mdy/xFRAx2jfTOmg+6EPY+09e3SpRN05tZm6PA=&b=5&f=frame&u=quh9O7m+gcpnkEcjR8wG07lIAEwDjhYPfuuLYf1GaJpICjY4ebQy5itrwJGI8mdy/xFTBhuneDOmg+6EPY+09e3SpRN05tZo5/w=&b=5&f=frame&u=quh9O7m+gcpnkEcjR8wG07lIAEwDjhYPfuuLYf1GaJpICjY4ebQy5itrwJGI8mdy/xFTBhuneDOmg+6EPY+09e3SpRN05tZo5/w=&b=5&f=frame&u=quh9O6fk3cp+g1Q0B84ejuJAQEZJll4HdKCQfOVJedw=&b=5,1,1,00:00:01,0,0.00%,0.00%,Â£0.00
/go.php?u=quh9O7m+gcpnkEcjR8wG07lIAEwDjhYPfuuLYf1GaJpICjY4ebQy5itrwJGI8mdy/xFRAx2jfzOmg+6EPY+09e3SpRN05tZp4/U=&b=5&f=frame&u=quh9O6fk3cp+g1Q0B84ejuJAQEZJll4HdKCQfOVJedw=&b=5,1,1,00:00:01,0,0.00%,0.00%,Â£0.00
/go.php?u=quh9O7m+gcpnkEcjR8wG07lIAEwDjhYPfuuLYf1GaJpICjY4ebQy5itrwJGI8mdy/xFRAx2jfzOmg+6EPY+09e3SpRN05tZp4/U=&b=5&f=frame&u=quh9O7m+gcpnkEcjR8wG07lIAEwDjhYPfuuLYf1GaJpICjY4ebQy5itrwJGI8mdy/xFRAx2jfTOmg+6EPY+09e3SpRN05tZm6PA=&b=5&f=frame&u=quh9O6fk3cp+g1Q0B84ejuJAQEZJll4HdKCQfOVJedw=&b=5,1,1,00:00:07,0,0.00%,0.00%,Â£0.00
/go.php?u=quh9O7m+gcpnkEcjR8wG07lIAEwDjhYPfuuLYf1GaJpICjY4ebQy5itrwJGI8mdy/xFRAx2jfzOmg+6EPY+09e3SpRN05tZp4/U=&b=5&f=frame&u=quh9O7m+gcpnkEcjR8wG07lIAEwDjhYPfuuLYf1GaJpICjY4ebQy5itrwJGI8mdy/xFRAx2jfzOmg+6EPY+09e3SpRN05tZp4/U=&b=5&f=frame&u=quh9O6fk3cp+g1Q0B84ejuJAQEZJll4HdKCQfOVJedw=&b=5,1,1,00:00:01,0,0.00%,0.00%,Â£0.00
/go.php?u=quh9O7m+gcpnkEcjR8wG07lIAEwDjhYPfuuLYf1GaJpICjY4ebQy5itrwJGI8mdy/xFRAx2jfzOmg+6EPY+09e3SpRN05tZp4/U=&b=5&f=frame&u=quh9O7m+gcpnkEcjR8wG07lIAEwDjhYPfuuLYf1GaJpICjY4ebQy5itrwJGI8mdy/xFRAx2jfzOmg+6EPY+09e3SpRN05tZp4/U=&b=5&f=frame&u=quh9O7m+gcpnkEcjR8wG07lIAEwDjhYPfuuLYf1GaJpICjY4ebQy5itrwJGI8mdy/xFRAx2jfzOmg+6EPY+09e3SpRN05tZp4/U=&b=5&f=frame&u=quh9O6fk3cp+g1Q0B84ejuJAQEZJll4HdKCQfOVJedw=&b=5,1,1,00:00:05,0,0.00%,0.00%,Â£0.00
/go.php?u=quh9O7m+gcpnkEcjR8wG07lIAEwDjhYPfuuLYf1GaJpICjY4ebQy5itrwJGI8mdy/xFRAx2jfzOmg+6EPY+09e3SpRN05tZp4/U=&b=5&f=frame&u=quh9O7m+gcpnkEcjR8wG07lIAEwDjhYPfuuLYf1GaJpICjY4ebQy5itrwJGI8mdy/xFTBhuneDOmg+6EPY+09e3SpRN05tZo5/w=&b=5&f=frame&u=quh9O6fk3cp+g1Q0B84ejuJAQEZJll4HdKCQfOVJedw=&b=5,1,1,00:00:02,0,0.00%,0.00%,Â£0.00
/go.php?u=quh9O7m+gcpnkEcjR8wG07lIAEwDjhYPfuuLYf1GaJpICjY4ebQy5itrwJGI8mdy/xFRAx2jfzOmg+6EPY+09e3SpRN05tZp4/U=&b=5&f=frame&u=quh9O7m+gcpnkEcjR8wG07lIAEwDjhYPfuuLYf1GaJpICjY4ebQy5itrwJGI8mdy/xFTBhuneDOmg+6EPY+09e3SpRN05tZo5/w=&b=5&f=frame&u=quh9O7m+gcpnkEcjR8wG07lIAEwDjhYPfuuLYf1GaJpICjY4ebQy5itrwJGI8mdy/xFTBhuneDOmg+6EPY+09e3SpRN05tZo5/w=&b=5&f=frame&u=quh9O6fk3cp+g1Q0B84ejuJAQEZJll4HdKCQfOVJedw=&b=5,1,1,00:00:02,0,0.00%,0.00%,Â£0.00
/go.php?u=quh9O7m+gcpnkEcjR8wG07lIAEwDjhYPfuuLYf1GaJpICjY4ebQy5itrwJGI8mdy/xFTBhuneDOmg+6EPY+09e3SpRN05tZo5/w=&b=5&f=frame&u=quh9O6fk3cp+g1Q0B84ejuJAQEZJll4HdKCQfOVJedw=&b=5,1,1,00:00:00,0,0.00%,0.00%,Â£0.00
/go.php?u=quh9O7m+gcpnkEcjR8wG07lIAEwDjhYPfuuLYf1GaJpICjY4ebQy5itrwJGI8mdy/xFTBhuneDOmg+6EPY+09e3SpRN05tZo5/w=&b=5&f=frame&u=quh9O7m+gcpnkEcjR8wG07lIAEwDjhYPfuuLYf1GaJpICjY4ebQy5itrwJGI8mdy/xFRAx2jfTOmg+6EPY+09e3SpRN05tZm6PA=&b=5&f=frame&u=quh9O6fk3cp+g1Q0B84ejuJAQEZJll4HdKCQfOVJedw=&b=5,1,1,00:00:05,0,0.00%,0.00%,Â£0.00
/go.php?u=quh9O7m+gcpnkEcjR8wG07lIAEwDjhYPfuuLYf1GaJpICjY4ebQy5itrwJGI8mdy/xFTBhuneDOmg+6EPY+09e3SpRN05tZo5/w=&b=5&f=frame&u=quh9O7m+gcpnkEcjR8wG07lIAEwDjhYPfuuLYf1GaJpICjY4ebQy5itrwJGI8mdy/xFRAx2jfzOmg+6EPY+09e3SpRN05tZp4/U=&b=5&f=frame&u=quh9O6fk3cp+g1Q0B84ejuJAQEZJll4HdKCQfOVJedw=&b=5,1,1,00:00:01,0,0.00%,0.00%,Â£0.00
/go.php?u=quh9O7m+gcpnkEcjR8wG07lIAEwDjhYPfuuLYf1GaJpICjY4ebQy5itrwJGI8mdy/xFTBhuneDOmg+6EPY+09e3SpRN05tZo5/w=&b=5&f=frame&u=quh9O7m+gcpnkEcjR8wG07lIAEwDjhYPfuuLYf1GaJpICjY4ebQy5itrwJGI8mdy/xFTBhuneDOmg+6EPY+09e3SpRN05tZo5/w=&b=5&f=frame&u=quh9O6fk3cp+g1Q0B84ejuJAQEZJll4HdKCQfOVJedw=&b=5,1,1,00:00:04,0,0.00%,0.00%,Â£0.00
/go.php?u=quh9O7m+gcpnkEcjR8wG07lIAEwDjhYPfuuLYf1GaJpICjY4ebQy5itrwJGI8mdy/xFTBhuneDOmg+6EPY+09e3SpRN05tZo5/w=&b=5&f=frame&u=quh9O7m+gcpnkEcjR8wG07lIAEwDjhYPfuuLYf1GaJpICjY4ebQy5itrwJGI8mdy/xFTBhuneDOmg+6EPY+09e3SpRN05tZo5/w=&b=5&f=frame&u=quh9O7m+gcpnkEcjR8wG07lIAEwDjhYPfuuLYf1GaJpICjY4ebQy5itrwJGI8mdy/xFTBhuneDOmg+6EPY+09e3SpRN05tZo5/w=&b=5&f=frame&u=quh9O6fk3cp+g1Q0B84ejuJAQEZJll4HdKCQfOVJedw=&b=5,1,1,00:00:00,0,0.00%,100.00%,Â£0.00
/google-rolls-new-chat-messenger/,1,1,00:00:00,0,0.00%,100.00%,Â£0.00
/google-unveils-android-o-testing/,1,1,00:00:00,1,0.00%,100.00%,Â£0.00
/ground-breaking-app-used-air-ambulance-crews/www.miratrix.co.uk,1,1,00:00:00,1,100.00%,100.00%,Â£0.00
/high-street-vs-internet-round-1/www.miratrix.co.uk,1,1,00:00:00,1,100.00%,100.00%,Â£0.00
/how-to-setup-google-local-place-maps/,1,1,00:00:00,1,100.00%,100.00%,Â£0.00
/in-app-analytics-setup/,1,1,00:01:01,1,0.00%,0.00%,Â£0.00
/instagram-ads-for-business/?fbclid=IwAR35gkJFqXNeAOGJBCfTBa3zOGaO-9fc3Ltl7BIpLHuPog6b2tnnuuZ9lMM,1,1,00:00:00,1,0.00%,100.00%,Â£0.00
/instagram-ads-for-business/miratrix.co.uk,1,1,00:00:00,1,100.00%,100.00%,Â£0.00
/instant-apps-is-here/,1,1,00:00:00,1,0.00%,100.00%,Â£0.00
/kpms-for-paid-fb-and-play-ads-cpi/,1,1,00:00:00,1,0.00%,100.00%,Â£0.00
/ky57wIzxKo7/rn15PIAI4CoE/yeyahGQJDb/TUP3ntxD5mq,1,1,00:00:00,0,0.00%,100.00%,Â£0.00
/leveraging-vacant-shop-window/www.miratrix.co.uk,1,1,00:00:00,1,100.00%,100.00%,Â£0.00
/making-a-difference/,1,1,00:00:00,1,0.00%,100.00%,Â£0.00
/making-a-difference/beirut/www.miratrix.co.uk,1,1,00:00:00,1,100.00%,100.00%,Â£0.00
/millions-of-android-phones-hit-by-malware/miratrix.co.uk,1,1,00:00:00,1,100.00%,100.00%,Â£0.00
/millions-phones-risk-app-mistake/www.miratrix.co.uk,1,1,00:00:00,1,100.00%,100.00%,Â£0.00
/miratrix-23-golden-square-london-w1f-9jp/,1,1,00:00:00,1,0.00%,100.00%,Â£0.00
/miratrix.co.uk?fbclid=IwAR0P_N258KrXyyJFcLQZTvufXs4kPlFXBdUec2LsfW_ffM5p1acrPZ_2iAU,1,1,00:00:00,1,100.00%,100.00%,Â£0.00
/miratrix.co.uk?fbclid=IwAR3pYo_paD9aG_o_Kp4x6pPQKsNBQ8Rne3pHt8yLZNJORimyiUCdafZCopA,1,1,00:00:00,1,100.00%,100.00%,Â£0.00
/miratrix.co.uk?page_id=35,1,1,00:00:07,0,0.00%,0.00%,Â£0.00
/mobile-data-usage-uk-set-soar/,1,1,00:00:00,1,0.00%,100.00%,Â£0.00
/mobile-phone-apps-for-banking-use-soar/www.miratrix.co.uk,1,1,00:00:00,1,100.00%,100.00%,Â£0.00
/mobile-retention-good-aso-mtx20/www.miratrix.co.uk,1,1,00:00:00,1,100.00%,100.00%,Â£0.00
/new-app-could-be-the-future-for-retail/,1,1,00:00:18,0,0.00%,0.00%,Â£0.00
/new-app-will-protect-spies/www.miratrix.co.uk,1,1,00:00:00,1,100.00%,100.00%,Â£0.00
/P455w0rd!1,1,1,00:00:00,1,100.00%,100.00%,Â£0.00
/page/4/www.miratrix.co.uk,1,1,00:00:00,1,100.00%,100.00%,Â£0.00
/page/5/www.miratrix.co.uk,1,1,00:00:00,1,100.00%,100.00%,Â£0.00
/page/62/www.miratrix.co.uk,1,1,00:00:00,1,100.00%,100.00%,Â£0.00
/page/63/www.miratrix.co.uk,1,1,00:00:00,1,100.00%,100.00%,Â£0.00
/part-2-use-apple-search-ads-analytics-ğŸğŸ”ğŸ“ˆ-mtx57/www.miratrix.co.uk,1,1,00:00:00,1,100.00%,100.00%,Â£0.00
/pay-for-tinder-dating-app/www.miratrix.co.uk,1,1,00:00:00,1,100.00%,100.00%,Â£0.00
/research-methods-resource/www.miratrix.co.uk,1,1,00:00:04,0,0.00%,0.00%,Â£0.00
/search?q=cache:bI4Yk20ZHV8J:https://miratrix.co.uk/get-in-touch/+&cd=10&hl=en&ct=clnk&gl=in,1,1,00:00:00,1,0.00%,100.00%,Â£0.00
/search?q=cache:CAP7TiQpKL4J:https://miratrix.co.uk/tag/bridgnorth-shoplifters/+&cd=5&hl=en&ct=clnk&gl=uk,1,1,00:00:00,1,100.00%,100.00%,Â£0.00
/seo-agency-london/www.miratrix.co.uk,1,1,00:00:00,1,100.00%,100.00%,Â£0.00
/service/www.miratrix.co.uk,1,1,00:00:02,1,0.00%,0.00%,Â£0.00
/skills-marketer-future/www.miratrix.co.uk,1,1,00:00:00,1,100.00%,100.00%,Â£0.00
/spam-chinese-phone-farms-conspiracy-theories-ğŸ˜€-mtx62/www.miratrix.co.uk,1,1,00:00:00,1,100.00%,100.00%,Â£0.00
/star-power/jared-leto-as-the-joker/miratrix.co.uk,1,1,00:00:00,1,100.00%,100.00%,Â£0.00
/subscribe/confirm-captcha,1,1,00:00:00,0,0.00%,100.00%,Â£0.00
/subscribe/post,1,1,00:00:47,1,0.00%,0.00%,Â£0.00
/tag/advertising/www.miratrix.co.uk,1,1,00:00:00,1,100.00%,100.00%,Â£0.00
/tag/android-malware/www.miratrix.co.uk,1,1,00:00:00,1,100.00%,100.00%,Â£0.00
/tag/app-experiments/www.miratrix.co.uk,1,1,00:00:00,1,100.00%,100.00%,Â£0.00
/tag/app-store-optimisation/www.miratrix.co.uk,1,1,00:00:00,1,100.00%,100.00%,Â£0.00
/tag/apple-ar/www.miratrix.co.uk,1,1,00:00:00,1,100.00%,100.00%,Â£0.00
/tag/aso/www.miratrix.co.uk,1,1,00:00:00,1,100.00%,100.00%,Â£0.00
/tag/bridgnorth-shoplifters/www.miratrix.co.uk,1,1,00:00:00,1,100.00%,100.00%,Â£0.00
/tag/catelites-bot/www.miratrix.co.uk,1,1,00:00:00,1,100.00%,100.00%,Â£0.00
/tag/cyber-attack/www.miratrix.co.uk,1,1,00:00:00,1,100.00%,100.00%,Â£0.00
/tag/cyber-security/www.miratrix.co.uk,1,1,00:00:00,1,100.00%,100.00%,Â£0.00
/tag/devices-surveying-homes/www.miratrix.co.uk,1,1,00:00:00,1,100.00%,100.00%,Â£0.00
/tag/edadeal/www.miratrix.co.uk,1,1,00:00:00,1,100.00%,100.00%,Â£0.00
/tag/estate-agent-app/www.miratrix.co.uk,1,1,00:00:00,1,100.00%,100.00%,Â£0.00
/tag/flightradar24/www.miratrix.co.uk,1,1,00:00:00,1,100.00%,100.00%,Â£0.00
/tag/football-world-cup/www.miratrix.co.uk,1,1,00:00:00,1,100.00%,100.00%,Â£0.00
/tag/google-pixel/www.miratrix.co.uk,1,1,00:00:00,1,100.00%,100.00%,Â£0.00
/tag/google-spy-apps/www.miratrix.co.uk,1,1,00:00:00,1,100.00%,100.00%,Â£0.00
/tag/halifax/www.miratrix.co.uk,1,1,00:00:00,1,100.00%,100.00%,Â£0.00
/tag/health-apps/www.miratrix.co.uk,1,1,00:00:00,1,100.00%,100.00%,Â£0.00
/tag/malware-blackmail/www.miratrix.co.uk,1,1,00:00:04,1,0.00%,0.00%,Â£0.00
/tag/microsoft-surface/www.miratrix.co.uk,1,1,00:00:00,1,100.00%,100.00%,Â£0.00
/tag/miratrix/www.miratrix.co.uk,1,1,00:00:00,1,100.00%,100.00%,Â£0.00
/tag/mobile-app-fraud/www.miratrix.co.uk,1,1,00:00:00,1,100.00%,100.00%,Â£0.00
/tag/mobile-banking/www.miratrix.co.uk,1,1,00:00:00,1,100.00%,100.00%,Â£0.00
/tag/mobile-phone-fraud/www.miratrix.co.uk,1,1,00:00:00,1,100.00%,100.00%,Â£0.00
/tag/mobile-uninstall-rates/www.miratrix.co.uk,1,1,00:00:00,1,100.00%,100.00%,Â£0.00
/tag/nokia-3310/www.miratrix.co.uk,1,1,00:00:00,1,100.00%,100.00%,Â£0.00
/tag/otomos-phone-case/,1,1,00:00:00,1,100.00%,100.00%,Â£0.00
/tag/phone-to-phone-ar/www.miratrix.co.uk,1,1,00:00:00,1,100.00%,100.00%,Â£0.00
/tag/public-health-england-app/www.miratrix.co.uk,1,1,00:00:00,1,100.00%,100.00%,Â£0.00
/tag/russia-world-cup/www.miratrix.co.uk,1,1,00:00:00,1,100.00%,100.00%,Â£0.00
/tag/share-augmented-reality/www.miratrix.co.uk,1,1,00:00:00,1,100.00%,100.00%,Â£0.00
/tag/skinvision/www.miratrix.co.uk,1,1,00:00:00,1,100.00%,100.00%,Â£0.00
/tag/slave-trade-prevention-app/www.miratrix.co.uk,1,1,00:00:00,1,100.00%,100.00%,Â£0.00
/tag/spying-apps/www.miratrix.co.uk,1,1,00:00:00,1,100.00%,100.00%,Â£0.00
/tag/steam-app-blocked/www.miratrix.co.uk,1,1,00:00:00,1,100.00%,100.00%,Â£0.00
/tag/steam-apple/www.miratrix.co.uk,1,1,00:00:00,1,100.00%,100.00%,Â£0.00
/tag/steam-iphone/www.miratrix.co.uk,1,1,00:00:00,1,100.00%,100.00%,Â£0.00
/tag/steam-link-app/www.miratrix.co.uk,1,1,00:00:00,1,100.00%,100.00%,Â£0.00
/tag/t-mobile-digits/www.miratrix.co.uk,1,1,00:00:00,1,100.00%,100.00%,Â£0.00
/tag/teensafe-app/www.miratrix.co.uk,1,1,00:00:00,1,100.00%,100.00%,Â£0.00
/tag/teensafe-leaking-data/www.miratrix.co.uk,1,1,00:00:00,1,100.00%,100.00%,Â£0.00
/tag/twemojis/www.miratrix.co.uk,1,1,00:00:00,1,100.00%,100.00%,Â£0.00
/tag/twitter-emojis/www.miratrix.co.uk,1,1,00:00:00,1,100.00%,100.00%,Â£0.00
/tag/what3words/www.miratrix.co.uk,1,1,00:00:00,1,100.00%,100.00%,Â£0.00
/the-app-store-times/,1,1,00:00:00,1,0.00%,100.00%,Â£0.00
/the-app-store-times/www.miratrix.co.uk,1,1,00:00:00,1,100.00%,100.00%,Â£0.00
/the-level-ups-and-downs-of-mobile-gaming/boston/,1,1,00:00:00,1,0.00%,100.00%,Â£0.00
/the-united-states-of-app-merica/,1,1,00:00:00,1,0.00%,100.00%,Â£0.00
/the-weekly-noise-4/,1,1,00:00:00,1,0.00%,100.00%,Â£0.00
/the-weekly-noise-app-news-five-fantastic-things-that-happened-this-week/,1,1,00:00:00,1,0.00%,100.00%,Â£0.00
/the-weekly-noise/www.miratrix.co.uk,1,1,00:00:00,1,100.00%,100.00%,Â£0.00
/top-3-competitor-analysis-for-aso/www.miratrix.co.uk,1,1,00:00:00,1,100.00%,100.00%,Â£0.00
/unethical-kids-apps-apple-pays-back/www.miratrix.co.uk,1,1,00:00:00,1,100.00%,100.00%,Â£0.00
/user/refikaninmutfagi/playlists,1,1,00:00:00,0,0.00%,100.00%,Â£0.00
/warning-apps-leaking-personal-data/,1,1,00:00:00,1,0.00%,100.00%,Â£0.00
/weekly-round-up-12/,1,1,00:00:00,1,0.00%,100.00%,Â£0.00
/weekly-round-up-13/,1,1,00:00:00,1,0.00%,100.00%,Â£0.00
/weekly-round-up-7/miratrix.co.uk,1,1,00:00:00,1,100.00%,100.00%,Â£0.00
/weekly-round-up-9/?fbclid=IwAR3lKy1TBu1X2mq5gPPzK2T0JEGlRTJEEMnkly8eAgAlBO1KoTXMNaw6sqs,1,1,00:00:00,1,0.00%,100.00%,Â£0.00
/weekly-round-up/,1,1,00:00:00,1,0.00%,100.00%,Â£0.00
/what-is-content-marketing/www.miratrix.co.uk,1,1,00:00:00,1,100.00%,100.00%,Â£0.00
/will-pwa-kill-aso-mtx60/www.miratrix.co.uk,1,1,00:00:00,1,100.00%,100.00%,Â£0.00
/window-shopping/phonebook-results/,1,1,00:00:00,1,0.00%,100.00%,Â£0.00
/www.miratrix.co.uk?hjVerifyInstall=1094588,1,1,00:01:02,1,0.00%,0.00%,Â£0.00
/www.miratrix.co.uk?page_id=35,1,1,00:00:07,0,0.00%,0.00%,Â£0.00
/www.miratrix.co.uk#utm_source=nav&utm_medium=traffic&utm_campaign=datatools,1,1,00:10:00,1,0.00%,0.00%,Â£0.00
/youtube/www.miratrix.co.uk,1,1,00:00:11,1,0.00%,0.00%,Â£0.00
,3318,2546,00:01:49,1822,40.53%,54.91%,Â£0.00
,,,,,,,
Day Index,Pageviews,,,,,,
8/31/18,14,,,,,,
9/1/18,6,,,,,,
9/2/18,17,,,,,,
9/3/18,14,,,,,,
9/4/18,11,,,,,,
9/5/18,20,,,,,,
9/6/18,20,,,,,,
9/7/18,7,,,,,,
9/8/18,4,,,,,,
9/9/18,1,,,,,,
9/10/18,13,,,,,,
9/11/18,15,,,,,,
9/12/18,27,,,,,,
9/13/18,20,,,,,,
9/14/18,11,,,,,,
9/15/18,3,,,,,,
9/16/18,7,,,,,,
9/17/18,3,,,,,,
9/18/18,28,,,,,,
9/19/18,20,,,,,,
9/20/18,14,,,,,,
9/21/18,30,,,,,,
9/22/18,7,,,,,,
9/23/18,15,,,,,,
9/24/18,11,,,,,,
9/25/18,15,,,,,,
9/26/18,13,,,,,,
9/27/18,13,,,,,,
9/28/18,14,,,,,,
9/29/18,7,,,,,,
9/30/18,2,,,,,,
10/1/18,11,,,,,,
10/2/18,15,,,,,,
10/3/18,8,,,,,,
10/4/18,3,,,,,,
10/5/18,16,,,,,,
10/6/18,1,,,,,,
10/7/18,22,,,,,,
10/8/18,12,,,,,,
10/9/18,14,,,,,,
10/10/18,29,,,,,,
10/11/18,6,,,,,,
10/12/18,8,,,,,,
10/13/18,6,,,,,,
10/14/18,9,,,,,,
10/15/18,14,,,,,,
10/16/18,16,,,,,,
10/17/18,19,,,,,,
10/18/18,5,,,,,,
10/19/18,15,,,,,,
10/20/18,6,,,,,,
10/21/18,2,,,,,,
10/22/18,15,,,,,,
10/23/18,7,,,,,,
10/24/18,9,,,,,,
10/25/18,16,,,,,,
10/26/18,5,,,,,,
10/27/18,8,,,,,,
10/28/18,9,,,,,,
10/29/18,13,,,,,,
10/30/18,6,,,,,,
10/31/18,14,,,,,,
11/1/18,6,,,,,,
11/2/18,14,,,,,,
11/3/18,9,,,,,,
11/4/18,3,,,,,,
11/5/18,4,,,,,,
11/6/18,22,,,,,,
11/7/18,3,,,,,,
11/8/18,23,,,,,,
11/9/18,41,,,,,,
11/10/18,6,,,,,,
11/11/18,5,,,,,,
11/12/18,29,,,,,,
11/13/18,106,,,,,,
11/14/18,18,,,,,,
11/15/18,9,,,,,,
11/16/18,9,,,,,,
11/17/18,20,,,,,,
11/18/18,13,,,,,,
11/19/18,14,,,,,,
11/20/18,17,,,,,,
11/21/18,23,,,,,,
11/22/18,7,,,,,,
11/23/18,13,,,,,,
11/24/18,7,,,,,,
11/25/18,2,,,,,,
11/26/18,20,,,,,,
11/27/18,8,,,,,,
11/28/18,6,,,,,,
11/29/18,11,,,,,,
11/30/18,5,,,,,,
12/1/18,6,,,,,,
12/2/18,12,,,,,,
12/3/18,32,,,,,,
12/4/18,274,,,,,,
12/5/18,0,,,,,,
12/6/18,0,,,,,,
12/7/18,0,,,,,,
12/8/18,0,,,,,,
12/9/18,0,,,,,,
12/10/18,0,,,,,,
12/11/18,0,,,,,,
12/12/18,0,,,,,,
12/13/18,0,,,,,,
12/14/18,0,,,,,,
12/15/18,0,,,,,,
12/16/18,0,,,,,,
12/17/18,0,,,,,,
12/18/18,0,,,,,,
12/19/18,0,,,,,,
12/20/18,0,,,,,,
12/21/18,0,,,,,,
12/22/18,0,,,,,,
12/23/18,0,,,,,,
12/24/18,0,,,,,,
12/25/18,0,,,,,,
12/26/18,0,,,,,,
12/27/18,0,,,,,,
12/28/18,0,,,,,,
12/29/18,0,,,,,,
12/30/18,0,,,,,,
12/31/18,0,,,,,,
1/1/19,0,,,,,,
1/2/19,0,,,,,,
1/3/19,0,,,,,,
1/4/19,0,,,,,,
1/5/19,0,,,,,,
1/6/19,0,,,,,,
1/7/19,0,,,,,,
1/8/19,0,,,,,,
1/9/19,0,,,,,,
1/10/19,0,,,,,,
1/11/19,38,,,,,,
1/12/19,6,,,,,,
1/13/19,7,,,,,,
1/14/19,15,,,,,,
1/15/19,20,,,,,,
1/16/19,21,,,,,,
1/17/19,6,,,,,,
1/18/19,10,,,,,,
1/19/19,0,,,,,,
1/20/19,15,,,,,,
1/21/19,4,,,,,,
1/22/19,5,,,,,,
1/23/19,20,,,,,,
1/24/19,13,,,,,,
1/25/19,5,,,,,,
1/26/19,5,,,,,,
1/27/19,1,,,,,,
1/28/19,1,,,,,,
1/29/19,2,,,,,,
1/30/19,9,,,,,,
1/31/19,11,,,,,,
2/1/19,3,,,,,,
2/2/19,0,,,,,,
2/3/19,2,,,,,,
2/4/19,11,,,,,,
2/5/19,16,,,,,,
2/6/19,12,,,,,,
2/7/19,7,,,,,,
2/8/19,6,,,,,,
2/9/19,0,,,,,,
2/10/19,3,,,,,,
2/11/19,8,,,,,,
2/12/19,6,,,,,,
2/13/19,5,,,,,,
2/14/19,8,,,,,,
2/15/19,1,,,,,,
2/16/19,2,,,,,,
2/17/19,3,,,,,,
2/18/19,6,,,,,,
2/19/19,11,,,,,,
2/20/19,6,,,,,,
2/21/19,14,,,,,,
2/22/19,5,,,,,,
2/23/19,4,,,,,,
2/24/19,1,,,,,,
2/25/19,1,,,,,,
2/26/19,5,,,,,,
2/27/19,6,,,,,,
2/28/19,7,,,,,,
3/1/19,4,,,,,,
3/2/19,6,,,,,,
3/3/19,8,,,,,,
3/4/19,8,,,,,,
3/5/19,24,,,,,,
3/6/19,4,,,,,,
3/7/19,38,,,,,,
3/8/19,6,,,,,,
3/9/19,0,,,,,,
3/10/19,4,,,,,,
3/11/19,9,,,,,,
3/12/19,11,,,,,,
3/13/19,11,,,,,,
3/14/19,10,,,,,,
3/15/19,8,,,,,,
3/16/19,12,,,,,,
3/17/19,8,,,,,,
3/18/19,13,,,,,,
3/19/19,12,,,,,,
3/20/19,12,,,,,,
3/21/19,11,,,,,,
3/22/19,3,,,,,,
3/23/19,1,,,,,,
3/24/19,8,,,,,,
3/25/19,5,,,,,,
3/26/19,7,,,,,,
3/27/19,9,,,,,,
3/28/19,5,,,,,,
3/29/19,6,,,,,,
3/30/19,5,,,,,,
3/31/19,2,,,,,,
4/1/19,3,,,,,,
4/2/19,2,,,,,,
4/3/19,17,,,,,,
4/4/19,21,,,,,,
4/5/19,7,,,,,,
4/6/19,2,,,,,,
4/7/19,3,,,,,,
4/8/19,9,,,,,,
4/9/19,10,,,,,,
4/10/19,5,,,,,,
4/11/19,6,,,,,,
4/12/19,4,,,,,,
4/13/19,0,,,,,,
4/14/19,7,,,,,,
4/15/19,5,,,,,,
4/16/19,6,,,,,,
4/17/19,10,,,,,,
4/18/19,6,,,,,,
4/19/19,9,,,,,,
4/20/19,2,,,,,,
4/21/19,5,,,,,,
4/22/19,6,,,,,,
4/23/19,13,,,,,,
4/24/19,3,,,,,,
4/25/19,5,,,,,,
4/26/19,4,,,,,,
4/27/19,1,,,,,,
4/28/19,6,,,,,,
4/29/19,6,,,,,,
4/30/19,5,,,,,,
5/1/19,2,,,,,,
5/2/19,7,,,,,,
5/3/19,8,,,,,,
5/4/19,10,,,,,,
5/5/19,9,,,,,,
5/6/19,5,,,,,,
5/7/19,7,,,,,,
5/8/19,4,,,,,,
5/9/19,7,,,,,,
5/10/19,6,,,,,,
5/11/19,2,,,,,,
5/12/19,4,,,,,,
5/13/19,4,,,,,,
5/14/19,16,,,,,,
5/15/19,4,,,,,,
5/16/19,6,,,,,,
5/17/19,10,,,,,,
5/18/19,0,,,,,,
5/19/19,0,,,,,,
5/20/19,17,,,,,,
5/21/19,12,,,,,,
5/22/19,10,,,,,,
5/23/19,14,,,,,,
5/24/19,13,,,,,,
5/25/19,1,,,,,,
5/26/19,4,,,,,,
5/27/19,9,,,,,,
5/28/19,19,,,,,,
5/29/19,5,,,,,,
5/30/19,14,,,,,,
5/31/19,18,,,,,,
6/1/19,0,,,,,,
6/2/19,1,,,,,,
6/3/19,20,,,,,,
6/4/19,18,,,,,,
6/5/19,13,,,,,,
6/6/19,3,,,,,,
6/7/19,13,,,,,,
6/8/19,1,,,,,,
6/9/19,2,,,,,,
6/10/19,13,,,,,,
6/11/19,9,,,,,,
6/12/19,7,,,,,,
6/13/19,20,,,,,,
6/14/19,6,,,,,,
6/15/19,7,,,,,,
6/16/19,2,,,,,,
6/17/19,4,,,,,,
6/18/19,13,,,,,,
6/19/19,20,,,,,,
6/20/19,15,,,,,,
6/21/19,16,,,,,,
6/22/19,2,,,,,,
6/23/19,3,,,,,,
6/24/19,8,,,,,,
6/25/19,9,,,,,,
6/26/19,7,,,,,,
6/27/19,7,,,,,,
6/28/19,15,,,,,,
6/29/19,5,,,,,,
6/30/19,2,,,,,,
7/1/19,24,,,,,,
7/2/19,10,,,,,,
7/3/19,8,,,,,,
7/4/19,17,,,,,,
7/5/19,5,,,,,,
7/6/19,6,,,,,,
7/7/19,1,,,,,,
7/8/19,6,,,,,,
7/9/19,22,,,,,,
7/10/19,3,,,,,,
7/11/19,3,,,,,,
7/12/19,25,,,,,,
7/13/19,6,,,,,,
7/14/19,1,,,,,,
7/15/19,8,,,,,,
7/16/19,13,,,,,,
7/17/19,4,,,,,,
7/18/19,1,,,,,,
7/19/19,3,,,,,,
7/20/19,3,,,,,,
7/21/19,2,,,,,,
7/22/19,16,,,,,,
7/23/19,7,,,,,,
7/24/19,5,,,,,,
7/25/19,6,,,,,,
7/26/19,11,,,,,,
7/27/19,0,,,,,,
7/28/19,2,,,,,,
7/29/19,8,,,,,,
7/30/19,8,,,,,,
7/31/19,3,,,,,,
8/1/19,3,,,,,,
8/2/19,8,,,,,,
8/3/19,0,,,,,,
8/4/19,2,,,,,,
8/5/19,5,,,,,,
8/6/19,15,,,,,,
8/7/19,15,,,,,,
8/8/19,2,,,,,,
8/9/19,12,,,,,,
8/10/19,6,,,,,,
8/11/19,2,,,,,,
8/12/19,8,,,,,,
8/13/19,14,,,,,,
8/14/19,9,,,,,,
8/15/19,1,,,,,,
8/16/19,4,,,,,,
8/17/19,0,,,,,,
8/18/19,2,,,,,,
8/19/19,6,,,,,,
8/20/19,5,,,,,,
8/21/19,10,,,,,,
8/22/19,9,,,,,,
8/23/19,3,,,,,,
8/24/19,4,,,,,,
8/25/19,4,,,,,,
8/26/19,6,,,,,,
8/27/19,13,,,,,,
8/28/19,8,,,,,,
8/29/19,11,,,,,,
8/30/19,11,,,,,,
8/31/19,6,,,,,,
,3318,,,,,,
