Page,Clicks,Impressions,CTR,Position
https://miratrix.co.uk/,371,100673,0.37%,42.59
https://miratrix.co.uk/app-marketing-agency/,80,30824,0.26%,26.84
https://miratrix.co.uk/mobile-app-competitor-analysis/,16,1458,1.1%,30.64
https://miratrix.co.uk/blippar-the-message-isnt-clear/,11,517,2.13%,36.05
https://miratrix.co.uk/author/nduddy/,10,140,7.14%,5.61
https://miratrix.co.uk/tag/whatsapp/,7,442,1.58%,74.55
https://miratrix.co.uk/tag/escort-app/,7,226,3.1%,38.91
https://miratrix.co.uk/tag/rendevu-app/,6,401,1.5%,17.84
https://miratrix.co.uk/app-store-optimization-services/,5,4177,0.12%,70.02
https://miratrix.co.uk/black-hat-aso-malware/,5,263,1.9%,46.38
https://miratrix.co.uk/blog/,4,203,1.97%,41.95
https://miratrix.co.uk/tag/natwest/,4,129,3.1%,22.84
https://miratrix.co.uk/android-users-warned-sophisticated-malware/,3,323,0.93%,57.47
https://miratrix.co.uk/faster-fresher-phone-apps-flutter/,3,322,0.93%,29.38
https://miratrix.co.uk/miratrix-23-golden-square-london-w1f-9jp/23-golden-square-london-w1f-9jp/,3,227,1.32%,7.59
https://miratrix.co.uk/top-3-competitor-analysis-for-aso/,3,142,2.11%,55.27
https://miratrix.co.uk/get-in-touch/,3,71,4.23%,23.61
https://miratrix.co.uk/tag/google-duo/,3,28,10.71%,39.36
https://miratrix.co.uk/?utm_source=google_business&utm_medium=listing&utm_campaign=Google_Business_Listing,2,1466,0.14%,16.79
https://miratrix.co.uk/aso-web-search-important-aso-üìà-mtx64/,2,441,0.45%,42.23
https://miratrix.co.uk/instant-apps-is-here/,2,172,1.16%,79.2
https://miratrix.co.uk/app-cpi-how-to-pick-a-strong-app-icon/,2,151,1.32%,39.14
https://miratrix.co.uk/ground-breaking-app-used-air-ambulance-crews/,2,149,1.34%,38.76
https://miratrix.co.uk/nhs-considers-heart-attack-app/,2,88,2.27%,39.73
https://miratrix.co.uk/sup-app-failed-mtx48/,2,87,2.3%,66.83
https://miratrix.co.uk/where-the-fk-are-my-users-app-retention/,2,71,2.82%,9.89
https://miratrix.co.uk/app-store-review-kpi/,2,49,4.08%,24.59
https://miratrix.co.uk/5-tips-successful-app/,2,29,6.9%,57.79
https://miratrix.co.uk/the-app-store-times/,2,25,8%,23.64
https://miratrix.co.uk/add-business-to-yelp/,1,447,0.22%,72.25
https://miratrix.co.uk/candy-crush-ads-london/,1,385,0.26%,41.75
https://miratrix.co.uk/online-banking-will-be-overtaken-by-mobile-apps-next-year/,1,342,0.29%,69.3
https://miratrix.co.uk/are-we-at-app-en-app-peak-is/,1,281,0.36%,43.88
https://miratrix.co.uk/google-criticised-for-spy-apps/,1,203,0.49%,54.72
https://miratrix.co.uk/chinese-app-store-spam/app-store-bot-download-prices/,1,198,0.51%,50.63
https://miratrix.co.uk/spam-chinese-phone-farms-conspiracy-theories-üòÄ-mtx62/,1,193,0.52%,19.16
https://miratrix.co.uk/droidcon-not-just-for-devs/,1,166,0.6%,8
https://miratrix.co.uk/aps-berlin-2014/,1,126,0.79%,44.63
https://miratrix.co.uk/service/,1,115,0.87%,26.13
https://miratrix.co.uk/mobile-data-usage-uk-set-soar/,1,100,1%,44.44
https://miratrix.co.uk/apps-world-london-2016/,1,99,1.01%,56.7
https://miratrix.co.uk/the-weekly-noise/,1,97,1.03%,58.88
https://miratrix.co.uk/privacy-policy/,1,87,1.15%,12.11
https://miratrix.co.uk/miss-aso-barcamp-4-mtx58/,1,86,1.16%,49.59
https://miratrix.co.uk/aps-london-2016-app-data-deck/,1,85,1.18%,47.6
https://miratrix.co.uk/2944-2gopro-app-banks-go-biometric-samsonite-saves-luggage/,1,82,1.22%,33.91
https://miratrix.co.uk/google-apps-collude-mine-data/,1,79,1.27%,24.3
https://miratrix.co.uk/warning-apps-leaking-personal-data/,1,76,1.32%,43.72
https://miratrix.co.uk/tag/google-play/,1,76,1.32%,76.43
https://miratrix.co.uk/google-unveils-android-o-testing/,1,74,1.35%,33.22
https://miratrix.co.uk/travel-app-store-optimization/,1,69,1.45%,55.97
https://miratrix.co.uk/tag/otomos-phone-case/,1,64,1.56%,15.09
https://miratrix.co.uk/apigee-corp-snapped-up-by-google/,1,63,1.59%,58.38
https://miratrix.co.uk/tag/android-malware/,1,60,1.67%,25.03
https://miratrix.co.uk/new-app-will-bring-end-supermarket-queues/,1,57,1.75%,34.35
https://miratrix.co.uk/millions-of-android-phones-hit-by-malware/,1,56,1.79%,69.27
https://miratrix.co.uk/app-fed-parents/,1,53,1.89%,23.96
https://miratrix.co.uk/app-helps-avoid-shopping-queues/,1,51,1.96%,28.73
https://miratrix.co.uk/tag/edadeal/,1,48,2.08%,50.83
https://miratrix.co.uk/clueful-privacy-app/,1,46,2.17%,57.22
https://miratrix.co.uk/british-users-uninstall-apps-one-day/,1,46,2.17%,61.13
https://miratrix.co.uk/search-engine-marketing-company/,1,44,2.27%,91.82
https://miratrix.co.uk/chinese-app-store-spam/,1,43,2.33%,48.51
https://miratrix.co.uk/apple-accused-over-its-app-rules/,1,40,2.5%,28.02
https://miratrix.co.uk/juicy-aso-talking-affiliatefest-mtx45/,1,34,2.94%,14.59
https://miratrix.co.uk/tag/apigee/,1,32,3.12%,11.78
https://miratrix.co.uk/the-weekly-noise-4/,1,29,3.45%,28.93
https://miratrix.co.uk/apps-create-second-hand-car-security-risk/,1,28,3.57%,26.18
https://miratrix.co.uk/tag/skinvision/,1,28,3.57%,63.64
https://miratrix.co.uk/the-united-states-of-app-merica/,1,27,3.7%,16.26
https://miratrix.co.uk/tag/mobile-uninstall-rates/,1,25,4%,86
https://miratrix.co.uk/unethical-kids-apps-apple-pays-back/,1,23,4.35%,67.74
https://miratrix.co.uk/tag/klevio-one/,1,20,5%,27.2
https://miratrix.co.uk/tag/mobile-shopping-apps/,1,20,5%,66.9
https://miratrix.co.uk/author/nduddy/page/2/,1,19,5.26%,35.79
https://miratrix.co.uk/app-cost-per-acquisition-increases-but-why/,1,13,7.69%,41.62
https://miratrix.co.uk/tag/nokia-3310/,1,13,7.69%,80.69
https://miratrix.co.uk/christmas-app-marketing-research/christmas-app-marketing/,1,12,8.33%,9.17
https://miratrix.co.uk/blog/page/5/,1,12,8.33%,24.75
https://miratrix.co.uk/category/app-marketing/,1,12,8.33%,24.92
https://miratrix.co.uk/window-shopping/phonebook-results/,1,12,8.33%,24.92
https://miratrix.co.uk/candy-crush-ads-london/kings-candy-crush-blog/,1,11,9.09%,43
https://miratrix.co.uk/blog/page/18/?SuperSocializerAuth=LiveJournal,1,7,14.29%,8.86
https://miratrix.co.uk/youtube/,1,6,16.67%,17.17
https://miratrix.co.uk/weekly-round-up-13/,1,6,16.67%,34
https://miratrix.co.uk/category/miratrix/page/10/,1,6,16.67%,50.67
https://miratrix.co.uk/author/nduddy/page/4/,1,5,20%,30.4
https://miratrix.co.uk/author/nduddy/page/9/,1,5,20%,31.8
https://miratrix.co.uk/tag/catelites-bot/,1,3,33.33%,11.33
https://miratrix.co.uk/tag/dominos-pizza-app/,1,3,33.33%,19.33
https://miratrix.co.uk/tag/what3words/,1,3,33.33%,36.67
https://miratrix.co.uk/tag/facebook-workplace-chat/?SuperSocializerAuth=LiveJournal,1,2,50%,32.5
https://miratrix.co.uk/tag/bridgnorth-shoplifters/,1,1,100%,5
https://miratrix.co.uk/seo-agency-london/,0,1496,0%,215.61
https://miratrix.co.uk/apple-gives-us-new-aso-tool-mtx47/app-store-keyword-tool-b/,0,1014,0%,74.37
https://miratrix.co.uk/google-analytics-for-app-store-keyword-research/,0,992,0%,83.62
https://miratrix.co.uk/pay-per-click-agency/,0,779,0%,105.6
https://miratrix.co.uk/mtx3-mobile-apention-numbers/,0,448,0%,68
https://miratrix.co.uk/search-mobile-marketing-jobs/,0,446,0%,83.17
https://miratrix.co.uk/new-app-will-tackle-insurance-fraud-claims/,0,443,0%,69
https://miratrix.co.uk/üí•miratrixüíØ-top-app-marketing-mobyaffiliates-üòç-mtx68/,0,400,0%,27.06
https://miratrix.co.uk/aps-berlin-2014/soundcloud-mobile-growth-stack/,0,377,0%,65.4
https://miratrix.co.uk/kpms-for-paid-fb-and-play-ads-cpi/,0,372,0%,32.97
https://miratrix.co.uk/instagram-ads-for-business/,0,328,0%,71.85
https://miratrix.co.uk/small-business-seo-tutorial/,0,315,0%,221.61
https://miratrix.co.uk/the-weekly-roundup/,0,299,0%,46.79
https://miratrix.co.uk/category/app-store-optimization/,0,279,0%,47.51
https://miratrix.co.uk/get-in-touch/?utm_source=google_business&utm_medium=listing&utm_campaign=Google_Business_Listing,0,278,0%,51.6
https://miratrix.co.uk/aviate-launcher-app-review/,0,254,0%,31.96
https://miratrix.co.uk/apps-we-played-at-the-weekend-the-simpsons-v-family-guy/,0,251,0%,44.64
https://miratrix.co.uk/googles-android-secret-panic-mode-function/,0,251,0%,52.93
https://miratrix.co.uk/parents-notified-kids-sexting/,0,239,0%,73.66
https://miratrix.co.uk/facebook-ad-agency/,0,238,0%,49.63
https://miratrix.co.uk/app-store-type-of-keywords-search/,0,237,0%,68.67
https://miratrix.co.uk/clash-royale-600-app-reviews-beta/,0,236,0%,42.97
https://miratrix.co.uk/tag/uber-escorts/,0,218,0%,66.32
https://miratrix.co.uk/category/app-store-keyword-research/,0,207,0%,90.32
https://miratrix.co.uk/tag/healthunlocked-app/,0,203,0%,11.01
https://miratrix.co.uk/fitness-app-lights-military-bases/,0,170,0%,59.71
https://miratrix.co.uk/tag/bbc-iplayer/,0,168,0%,64.76
https://miratrix.co.uk/tag/app-store-optimization/,0,153,0%,83.82
https://miratrix.co.uk/get-app-installs-from-upwork-mtx8/,0,151,0%,66.06
https://miratrix.co.uk/new-app-will-protect-spies/,0,150,0%,52.4
https://miratrix.co.uk/apps-developer-a-workshop-videos/,0,149,0%,18.38
https://miratrix.co.uk/new-ar-apps-games-unveiled/,0,147,0%,76.59
https://miratrix.co.uk/tag/selfiecity-spyware/,0,143,0%,57.64
https://miratrix.co.uk/facebook-faces-lawsuit-messenger-app/,0,139,0%,57.86
https://miratrix.co.uk/miratrix-23-golden-square-london-w1f-9jp/,0,133,0%,18.98
https://miratrix.co.uk/miss-the-olympics-seasonal-app-keywords/,0,133,0%,36.4
https://miratrix.co.uk/so-farewell-then-pokemon-go/,0,128,0%,49.89
https://miratrix.co.uk/tag/tesco-mobile-registration/,0,127,0%,39.31
https://miratrix.co.uk/aps-berlin-2015-my-best-bits/,0,126,0%,48.48
https://miratrix.co.uk/tag/vouchercloud/,0,126,0%,71.86
https://miratrix.co.uk/apps-in-google-play-store-spy-on-users/,0,125,0%,52.12
https://miratrix.co.uk/aso-app-store-freeze-2015-2014/,0,124,0%,36.33
https://miratrix.co.uk/google-rolls-new-chat-messenger/,0,123,0%,56.71
https://miratrix.co.uk/tag/findface/,0,123,0%,66.35
https://miratrix.co.uk/apple-gives-us-new-aso-tool-mtx47/,0,122,0%,69.2
https://miratrix.co.uk/windows-app-store-optimisation-appchat/windows-app-store-optimisat/,0,118,0%,6.43
https://miratrix.co.uk/15-apps-to-try-during-rugby-world-cup-2015/,0,118,0%,56.86
https://miratrix.co.uk/tag/google-arcore/,0,115,0%,39.04
https://miratrix.co.uk/will-pwa-kill-aso-mtx60/,0,106,0%,21
https://miratrix.co.uk/google-miratirx-isnt-just-a-power-ranger/,0,101,0%,24.12
https://miratrix.co.uk/android-phones-betray-users/,0,100,0%,22.43
https://miratrix.co.uk/google-play-ads/,0,99,0%,32.97
https://miratrix.co.uk/apps-developer-a-workshop-videos/app-developer-alliance-vide/,0,99,0%,60.38
https://miratrix.co.uk/bank-app-works-blink-eye/,0,97,0%,42.97
https://miratrix.co.uk/tag/pinme/,0,93,0%,38.23
https://miratrix.co.uk/tag/taiga-phone/,0,91,0%,48.99
https://miratrix.co.uk/windows-copy-apple-app-store-algorithm/,0,90,0%,62.06
https://miratrix.co.uk/tag/lucky-cash-spyware/,0,88,0%,87.03
https://miratrix.co.uk/how-to-spot-fake-app-reviews/,0,87,0%,47.16
https://miratrix.co.uk/ppc-tools-mobile-cpi/,0,87,0%,103.15
https://miratrix.co.uk/apple-app-store-freeze-2014/,0,85,0%,44.86
https://miratrix.co.uk/apps-world-2014-europe/,0,84,0%,39.65
https://miratrix.co.uk/users-warned-aware-mobile-phone-budgeting-apps/,0,83,0%,49.1
https://miratrix.co.uk/travel-app-store-optimization/travel-app-aso-tips/,0,83,0%,70.25
https://miratrix.co.uk/blog/page/31/,0,81,0%,34.02
https://miratrix.co.uk/mastercard-mobile-payment-app-joins-the-fray/,0,81,0%,59.99
https://miratrix.co.uk/app-review-mining-tool-listing-page/,0,79,0%,40.35
https://miratrix.co.uk/tag/yahoo-mail/,0,78,0%,76.73
https://miratrix.co.uk/tag/hearthstone/,0,77,0%,44.53
https://miratrix.co.uk/firm-unveils-unusual-smart-tv-app/,0,74,0%,51.86
https://miratrix.co.uk/google-play-store-analyses-keywords-mtx51/,0,73,0%,85.81
https://miratrix.co.uk/instagram-facebook-ads-best-for-developers/,0,72,0%,66.21
https://miratrix.co.uk/game-play-to-cure-genes-in-space/,0,71,0%,40.58
https://miratrix.co.uk/the-app-store-times-yahoo-fail-google-bump/,0,71,0%,64.2
https://miratrix.co.uk/app-store-optimization-rankings/,0,70,0%,43.26
https://miratrix.co.uk/aso-keyword-title-in-app-store-yesno/,0,69,0%,44.94
https://miratrix.co.uk/first-gp-app-passes-cqc-test/,0,69,0%,48.94
https://miratrix.co.uk/amsterdam-apps-developer-alliance/,0,69,0%,49.67
https://miratrix.co.uk/app-developers-look-web-hybrid-apps/,0,69,0%,90.71
https://miratrix.co.uk/top-5-app-marketing-tools/top-5-app-marketing-tools-2/,0,68,0%,60.99
https://miratrix.co.uk/tag/apple-app-store/,0,68,0%,65.9
https://miratrix.co.uk/mobile-retention-good-aso-mtx20/aso-500-new-app-users/,0,67,0%,9.96
https://miratrix.co.uk/tag/app-experiments/,0,67,0%,56.66
https://miratrix.co.uk/research-methods-resource/,0,66,0%,36.09
https://miratrix.co.uk/facebook-unveils-new-login-tools/,0,66,0%,61.55
https://miratrix.co.uk/aso-ctr-vs-incent-campaign-mtx45/,0,65,0%,38.42
https://miratrix.co.uk/what-penguin-did-to-black-hat-seo-scene/,0,65,0%,80.28
https://miratrix.co.uk/tag/aso/,0,64,0%,45.67
https://miratrix.co.uk/new-bank-app-will-push-deals-customers/,0,63,0%,39.33
https://miratrix.co.uk/app-addiction-grips-uk/,0,63,0%,41.7
https://miratrix.co.uk/tag/tesco-mobile/,0,63,0%,63.7
https://miratrix.co.uk/fabric-snapped-google/,0,62,0%,51.5
https://miratrix.co.uk/google-apple-showcase-ar-platforms/,0,61,0%,43.02
https://miratrix.co.uk/tag/grumpnow-app/,0,60,0%,26.17
https://miratrix.co.uk/google-launches-duo-game-changing-app/,0,60,0%,67.22
https://miratrix.co.uk/tag/skyscanner-app/,0,60,0%,68.12
https://miratrix.co.uk/pay-for-tinder-dating-app/,0,57,0%,33.82
https://miratrix.co.uk/weekly-noise/,0,57,0%,57.25
https://miratrix.co.uk/tag/mobile-phone-fraud/,0,57,0%,64.88
https://miratrix.co.uk/fears-malware-preloaded-phones/,0,56,0%,28.71
https://miratrix.co.uk/the-weekly-noise-app-news-five-fantastic-things-that-happened-this-week/,0,56,0%,74.64
https://miratrix.co.uk/tag/mobile-phone-gambling/,0,56,0%,91.91
https://miratrix.co.uk/tag/staxter-app/,0,55,0%,28.62
https://miratrix.co.uk/ios-9-spotlight-a-deeper-dive/,0,54,0%,37.54
https://miratrix.co.uk/instagram-most-influential-social-network/,0,54,0%,40.28
https://miratrix.co.uk/apps-world-2014-europe/appsworld-2014-miratrix/,0,53,0%,30.53
https://miratrix.co.uk/blog/page/2/,0,53,0%,31.3
https://miratrix.co.uk/free-dating-apps-hit-online-romance-sites/,0,53,0%,38.3
https://miratrix.co.uk/uk-glued-smartphones/,0,52,0%,28.33
https://miratrix.co.uk/amazon-google-and-more-amzon/,0,52,0%,32.6
https://miratrix.co.uk/a-secret-weapon-against-facebook-mobile-cpi/,0,52,0%,44.13
https://miratrix.co.uk/free-service-test-mobile-app-security/,0,52,0%,53.19
https://miratrix.co.uk/mobile-retention-good-aso-mtx20/,0,51,0%,14.98
https://miratrix.co.uk/app-overlap-does-it-matter/,0,51,0%,36.04
https://miratrix.co.uk/tag/app-promotion-summit/,0,51,0%,54.35
https://miratrix.co.uk/tag/aps-berlin/,0,50,0%,14.46
https://miratrix.co.uk/category/mtx-noisy-video/,0,50,0%,26.42
https://miratrix.co.uk/weekly-round-up-10/,0,50,0%,60.36
https://miratrix.co.uk/how-to-setup-google-local-place-maps/,0,50,0%,71.68
https://miratrix.co.uk/nhs-england-wants-develop-ecosystem-apps/,0,49,0%,27.08
https://miratrix.co.uk/tag/app-store-match/,0,49,0%,69.06
https://miratrix.co.uk/tag/nationwide-app/,0,49,0%,75.67
https://miratrix.co.uk/new-app-enables-other-apps-to-be-used-without-installation/,0,49,0%,79.47
https://miratrix.co.uk/app-store-ab-testing-one-skew-to-watch-out-for/,0,48,0%,32.5
https://miratrix.co.uk/picking-app-store-keywords/,0,48,0%,59.94
https://miratrix.co.uk/phone-apps-face-cull-on-apples-app-store/,0,47,0%,52.36
https://miratrix.co.uk/charity-apps/,0,47,0%,78.62
https://miratrix.co.uk/1-year-thank-youuuuu-üòÄüòÄüòò-mtx53/,0,46,0%,41.3
https://miratrix.co.uk/appy-christmas-week/,0,46,0%,63.26
https://miratrix.co.uk/tag/yahoo-mail-app/,0,45,0%,74.69
https://miratrix.co.uk/mobile-phone-apps-for-banking-use-soar/,0,44,0%,36.7
https://miratrix.co.uk/apple-app-store-spam-might-get-harder/,0,44,0%,60.52
https://miratrix.co.uk/tag/sexting-app/,0,44,0%,69.86
https://miratrix.co.uk/britons-in-relationships-use-dating-apps/,0,43,0%,44.02
https://miratrix.co.uk/tag/viop/,0,43,0%,45.49
https://miratrix.co.uk/tag/rendevu/,0,43,0%,58.42
https://miratrix.co.uk/any-do-to-do-list-app-review/,0,43,0%,67.77
https://miratrix.co.uk/big-app-store-update-title-change/,0,42,0%,15.21
https://miratrix.co.uk/the-weekly-noise-2/,0,42,0%,26.48
https://miratrix.co.uk/facebook-unveils-terms-revamp/,0,42,0%,31.55
https://miratrix.co.uk/guess-whos-back-mtx54/,0,42,0%,43.62
https://miratrix.co.uk/flaw-whatsapp-security-revealed/,0,42,0%,60.05
https://miratrix.co.uk/survey-reveals-mobile-apps-best-practice-small-firms/,0,42,0%,78.07
https://miratrix.co.uk/top-5-app-marketing-tools/,0,42,0%,89.45
https://miratrix.co.uk/tag/app-marketing/page/6/,0,41,0%,31.39
https://miratrix.co.uk/tag/tapdaq/,0,41,0%,52.2
https://miratrix.co.uk/biggest-drawback-banking-apps-revealed/,0,41,0%,55.15
https://miratrix.co.uk/images-in-app-success/,0,40,0%,33.45
https://miratrix.co.uk/millions-phones-risk-app-mistake/,0,40,0%,35.45
https://miratrix.co.uk/tag/oval-money-app/,0,40,0%,41.35
https://miratrix.co.uk/apps-can-hacked-revealed/,0,40,0%,52.98
https://miratrix.co.uk/tag/how-to-apple-search-ads/,0,40,0%,68.05
https://miratrix.co.uk/mobile-app-use-rockets-for-olympics/,0,40,0%,79.83
https://miratrix.co.uk/star-power/,0,39,0%,33.33
https://miratrix.co.uk/tag/octava-app/,0,39,0%,37.23
https://miratrix.co.uk/wtf-is-google-app-indexing/,0,39,0%,49.82
https://miratrix.co.uk/tag/farmers-mental-health/,0,39,0%,76.69
https://miratrix.co.uk/ppc-tools-mobile-cpi/custome-noise-video-290101/,0,39,0%,83.56
https://miratrix.co.uk/tag/truepic-insurance-app/,0,38,0%,23.24
https://miratrix.co.uk/social-club/,0,38,0%,34.87
https://miratrix.co.uk/app-will-help-concert-goers/,0,38,0%,41.79
https://miratrix.co.uk/tag/yboo/,0,38,0%,43.08
https://miratrix.co.uk/tag/inlink/,0,38,0%,44.42
https://miratrix.co.uk/tag/apps-world-london/,0,38,0%,45.92
https://miratrix.co.uk/blog/page/9/?SuperSocializerAuth=LiveJournal,0,37,0%,27.49
https://miratrix.co.uk/theweeklynoise/,0,37,0%,36.59
https://miratrix.co.uk/tag/hp-workspace/,0,37,0%,61.41
https://miratrix.co.uk/pay-per-gaze-how-google-glass-could-affect-paid-ads/,0,37,0%,71.27
https://miratrix.co.uk/tag/miratrix/,0,36,0%,22
https://miratrix.co.uk/from-mge-to-rwc/,0,36,0%,22.14
https://miratrix.co.uk/drivers-warned-drive-thru-apps/,0,36,0%,36.78
https://miratrix.co.uk/category/the-weekly-noise/,0,36,0%,37
https://miratrix.co.uk/blog/page/5/?s&SuperSocializerAuth=LiveJournal,0,36,0%,41.31
https://miratrix.co.uk/brits-struggle-shopping-apps/,0,36,0%,48.11
https://miratrix.co.uk/halloween-apps-2015/,0,36,0%,58.06
https://miratrix.co.uk/app-store-revamp-will-change-how-people-discover-apps/,0,36,0%,64.67
https://miratrix.co.uk/üìà-will-favourite-app-marketing-channel-surprise-mtx65/,0,35,0%,19.29
https://miratrix.co.uk/tag/app-games/,0,35,0%,20.74
https://miratrix.co.uk/tag/medical-messaging-service/,0,35,0%,93.23
https://miratrix.co.uk/happy-birthday-miratrix/,0,34,0%,24.79
https://miratrix.co.uk/part-1-use-apple-search-ads-üçèüîéüìà-mtx56/,0,34,0%,28.24
https://miratrix.co.uk/basic-guide-surviving-app-store/,0,34,0%,33.68
https://miratrix.co.uk/chinas-app-economy-surges-ahead/,0,34,0%,44.5
https://miratrix.co.uk/tag/app-store-optimisation/page/11/,0,34,0%,50.85
https://miratrix.co.uk/americas-used-apps-revealed/,0,34,0%,55.65
https://miratrix.co.uk/tag/vodafone-stuttering-app/,0,34,0%,67.68
https://miratrix.co.uk/search-engine-marketing-company/?s,0,34,0%,147.03
https://miratrix.co.uk/category/miratrix/,0,33,0%,12.85
https://miratrix.co.uk/take-a-day-off/,0,33,0%,14.88
https://miratrix.co.uk/blog/page/17/,0,33,0%,25.82
https://miratrix.co.uk/analytics-and-investments/,0,33,0%,36.39
https://miratrix.co.uk/tag/barking-dog-app/,0,33,0%,55
https://miratrix.co.uk/enterprise-mobile-apps-unfriendly/,0,32,0%,20.88
https://miratrix.co.uk/apps-infected-malware-kill-smartphones/,0,32,0%,66.69
https://miratrix.co.uk/google-play-rankings-boost-chinese-app-malware/,0,32,0%,75
https://miratrix.co.uk/google-fire-refusing-block-fake-apps/,0,32,0%,80.12
https://miratrix.co.uk/weekend-fun-regression-for-paid-metrics-mtx43/,0,31,0%,23.74
https://miratrix.co.uk/category/the-weekly-noise/page/5/,0,31,0%,34.65
https://miratrix.co.uk/tag/starling-bank/,0,31,0%,39.32
https://miratrix.co.uk/tag/bink-loyalty-app/,0,31,0%,42.77
https://miratrix.co.uk/in-app-analytics-setup/,0,31,0%,44.1
https://miratrix.co.uk/the-common-touch/,0,31,0%,45
https://miratrix.co.uk/blog/page/21/,0,30,0%,11.07
https://miratrix.co.uk/ios-9-what-spotlight-app-marketing/,0,30,0%,20.07
https://miratrix.co.uk/tag/opodo/,0,30,0%,31.13
https://miratrix.co.uk/time-to-mobilise/,0,30,0%,32.23
https://miratrix.co.uk/tag/aso/page/11/,0,30,0%,35.27
https://miratrix.co.uk/tag/malware/,0,30,0%,39.73
https://miratrix.co.uk/tag/apple-search-ads/,0,30,0%,59.97
https://miratrix.co.uk/window-shopping/hay-day/,0,29,0%,14.24
https://miratrix.co.uk/tag/pwa/,0,29,0%,20.17
https://miratrix.co.uk/tag/tps-protect-app/,0,29,0%,40.14
https://miratrix.co.uk/category/app-events/,0,29,0%,48.45
https://miratrix.co.uk/brits-use-phone/,0,29,0%,48.79
https://miratrix.co.uk/google-phone-apps-listening/,0,29,0%,65.79
https://miratrix.co.uk/tag/plynk/,0,29,0%,83.72
https://miratrix.co.uk/tag/fortnite/,0,28,0%,12.5
https://miratrix.co.uk/app-advertising-mobile-videos-google-bootcamp/,0,28,0%,28.57
https://miratrix.co.uk/cyber-attacks-mobile-devices-rocket/,0,28,0%,37.07
https://miratrix.co.uk/tag/google-play-store/,0,28,0%,45.14
https://miratrix.co.uk/tag/taxi-app/,0,28,0%,61.93
https://miratrix.co.uk/users-find-love-voice-activated-apps/,0,28,0%,69.36
https://miratrix.co.uk/top-3-competitor-analysis-for-aso/custome-noise-video-100201/,0,28,0%,74.82
https://miratrix.co.uk/tag/tamagotchi/,0,28,0%,76.14
https://miratrix.co.uk/tag/mobile-web-marketing/,0,28,0%,84.57
https://miratrix.co.uk/blog/page/39/,0,27,0%,13.52
https://miratrix.co.uk/part-2-use-apple-search-ads-analytics-üçèüîéüìà-mtx57/,0,27,0%,36.63
https://miratrix.co.uk/tag/incent/,0,27,0%,49.89
https://miratrix.co.uk/tag/app-store-optimization/page/11/,0,27,0%,80.41
https://miratrix.co.uk/tag/digital-receipts/,0,27,0%,93.04
https://miratrix.co.uk/users-mantra-see-no-goal-do-no-goal/,0,26,0%,13.23
https://miratrix.co.uk/organic-app-growth/raj-sark/,0,26,0%,26.77
https://miratrix.co.uk/tag/phone-while-driving/,0,26,0%,28.35
https://miratrix.co.uk/category/miratrix/page/19/,0,26,0%,34.15
https://miratrix.co.uk/tag/yo/,0,26,0%,62.23
https://miratrix.co.uk/aso-search-volumes-uk-app-store-üëÄ-mtx63/,0,26,0%,101.19
https://miratrix.co.uk/category/the-weekly-noise/page/2/,0,25,0%,27.68
https://miratrix.co.uk/apple-searchads-watch-matching-mtx61/,0,25,0%,28.36
https://miratrix.co.uk/weeklynoise/,0,25,0%,28.68
https://miratrix.co.uk/phone-app-boom-over/,0,25,0%,42.16
https://miratrix.co.uk/tag/app-store-optimisation/page/9/,0,25,0%,59.32
https://miratrix.co.uk/app-store-review-kpi/custome-noise-video-030201/,0,25,0%,62.04
https://miratrix.co.uk/popular-apps-2016-revealed/,0,25,0%,74.2
https://miratrix.co.uk/major-data-leak-millions-revealed/,0,25,0%,78.48
https://miratrix.co.uk/meeting-news-users/,0,24,0%,17.5
https://miratrix.co.uk/tag/afriscout-app/,0,24,0%,17.58
https://miratrix.co.uk/category/the-weekly-noise/page/3/,0,24,0%,30.62
https://miratrix.co.uk/tag/chinese-digital-envelopes/,0,24,0%,50.62
https://miratrix.co.uk/tag/t-mobile-digits/,0,24,0%,56.08
https://miratrix.co.uk/tag/karhoo/,0,24,0%,70.33
https://miratrix.co.uk/tag/facebook/,0,24,0%,70.5
https://miratrix.co.uk/tag/android-full-optimizer/,0,23,0%,25.57
https://miratrix.co.uk/app-marketing-at-christmas/,0,23,0%,31.13
https://miratrix.co.uk/new-app-could-be-the-future-for-retail/,0,23,0%,33.04
https://miratrix.co.uk/tag/instagram/,0,23,0%,39
https://miratrix.co.uk/tag/augmented-reality-gun-app/,0,23,0%,41.3
https://miratrix.co.uk/tag/the-simpsons-tapped-out/,0,23,0%,45.13
https://miratrix.co.uk/tag/wagamama-restaurant-app/,0,23,0%,45.61
https://miratrix.co.uk/tag/facebook-places-graph/,0,23,0%,75.65
https://miratrix.co.uk/category/miratrix/page/2/,0,22,0%,16.41
https://miratrix.co.uk/tag/app-store-optimisation/,0,22,0%,32.91
https://miratrix.co.uk/tag/miratrix/page/4/,0,22,0%,33.68
https://miratrix.co.uk/tag/nspcc-childline-app/,0,22,0%,42.45
https://miratrix.co.uk/blog/page/6/,0,21,0%,7.43
https://miratrix.co.uk/app-store-optimization-for-first-500-app-users/,0,21,0%,22.67
https://miratrix.co.uk/new-app-will-keep-walking-smartphone-users-safe/,0,21,0%,26.67
https://miratrix.co.uk/many-firms-dont-have-security-proofed-apps/,0,21,0%,30.86
https://miratrix.co.uk/aso-2017-predictionsüåàüåàüåà-mtx55/,0,21,0%,31.43
https://miratrix.co.uk/mobile-app-spending-rockets/,0,21,0%,53.29
https://miratrix.co.uk/blog/page/34/,0,21,0%,57.14
https://miratrix.co.uk/tag/intellicare-mini-apps/,0,21,0%,58.14
https://miratrix.co.uk/author/apartridge/page/2/,0,21,0%,64.29
https://miratrix.co.uk/mobile-retention-good-aso-mtx20/mobile-retention-aso/,0,21,0%,77.95
https://miratrix.co.uk/tag/snapchat-spectacles/,0,21,0%,93.62
https://miratrix.co.uk/search-engine-marketing-company/?SuperSocializerAuth=LiveJournal,0,21,0%,137.52
https://miratrix.co.uk/blog/page/13/,0,20,0%,7.75
https://miratrix.co.uk/blog/page/36/,0,20,0%,28.6
https://miratrix.co.uk/tag/aso/page/8/,0,20,0%,55.1
https://miratrix.co.uk/tag/taskrabbit/,0,20,0%,56.7
https://miratrix.co.uk/tag/cpi/,0,20,0%,61
https://miratrix.co.uk/3-tips-for-writing-an-app-store-description/,0,20,0%,74.8
https://miratrix.co.uk/2016-app-store-clean-up/,0,19,0%,9.26
https://miratrix.co.uk/blog/page/3/,0,19,0%,14.53
https://miratrix.co.uk/tag/aso/page/5/,0,19,0%,27.16
https://miratrix.co.uk/category/miratrix/page/6/,0,19,0%,27.37
https://miratrix.co.uk/tag/app-store-optimization/page/9/,0,19,0%,29.21
https://miratrix.co.uk/tag/app-store-optimization/page/2/,0,19,0%,33.26
https://miratrix.co.uk/tag/miratrix/page/12/,0,19,0%,37.26
https://miratrix.co.uk/tag/app-store-optimisation/page/10/,0,19,0%,50.05
https://miratrix.co.uk/the-level-ups-and-downs-of-mobile-gaming/,0,19,0%,50.63
https://miratrix.co.uk/tag/wetherspoon-pub-app/,0,19,0%,60.42
https://miratrix.co.uk/automate-everything-die-mtx59/,0,18,0%,6.94
https://miratrix.co.uk/testpag/,0,18,0%,11.17
https://miratrix.co.uk/eu-set-to-demand-more-control-of-mobile-messaging-apps/,0,18,0%,25.5
https://miratrix.co.uk/tag/apple/,0,18,0%,32.06
https://miratrix.co.uk/tag/roblox/,0,18,0%,32.33
https://miratrix.co.uk/data-leaks-still-big-issue-consumers/,0,18,0%,37.56
https://miratrix.co.uk/google-announces-shift-focus-apps/,0,18,0%,41.11
https://miratrix.co.uk/tag/app-store-optimization/page/6/,0,18,0%,43.67
https://miratrix.co.uk/tag/gun-app/,0,18,0%,44.33
https://miratrix.co.uk/author/apartridge/,0,18,0%,49
https://miratrix.co.uk/tag/skyscanner-rail-tickets/,0,18,0%,50.39
https://miratrix.co.uk/nearby-will-alert-users-to-local-offers/,0,18,0%,52.83
https://miratrix.co.uk/tag/steam-link-app/,0,18,0%,55.11
https://miratrix.co.uk/tag/hotline-dating-app/,0,18,0%,59.61
https://miratrix.co.uk/tag/google/,0,17,0%,12.82
https://miratrix.co.uk/competitor-analysis-how-much-time-to-spend-mtx44/,0,17,0%,16.18
https://miratrix.co.uk/tag/miratrix/page/5/,0,17,0%,17
https://miratrix.co.uk/tag/crashlytics/,0,17,0%,23.65
https://miratrix.co.uk/category/the-weekly-noise/page/10/,0,17,0%,27.88
https://miratrix.co.uk/windows-app-store-optimisation-appchat/,0,17,0%,37.82
https://miratrix.co.uk/leveraging-vacant-shop-window/,0,17,0%,48.59
https://miratrix.co.uk/move-prevent-apps-working-cars/,0,17,0%,49.71
https://miratrix.co.uk/tag/black-dot-malicious-text/,0,17,0%,52.18
https://miratrix.co.uk/tag/whatsapp-landline/,0,17,0%,62.65
https://miratrix.co.uk/category/seo-for-small-businesses/,0,17,0%,63.53
https://miratrix.co.uk/how-to-spot-fake-app-reviews/app-noise-video-08012016/,0,16,0%,10.06
https://miratrix.co.uk/app-cpi-how-to-pick-a-strong-app-icon/mobile-cpi-icon-change/,0,16,0%,13.75
https://miratrix.co.uk/blog/page/6/?SuperSocializerAuth=LiveJournal,0,16,0%,23.38
https://miratrix.co.uk/marketing-apps-at-christmas/,0,16,0%,31
https://miratrix.co.uk/tag/aso/page/3/,0,16,0%,32.12
https://miratrix.co.uk/google-play-tackling-spam-mtx49/,0,16,0%,42.44
https://miratrix.co.uk/tag/personal-assistant-apps/,0,16,0%,70.25
https://miratrix.co.uk/blog/page/20/,0,15,0%,8.27
https://miratrix.co.uk/category/miratrix/page/17/,0,15,0%,21.6
https://miratrix.co.uk/tag/app-marketing/page/9/,0,15,0%,21.8
https://miratrix.co.uk/category/mtx-noisy-video/page/4/,0,15,0%,23.2
https://miratrix.co.uk/tag/app-store-optimisation/page/5/,0,15,0%,23.47
https://miratrix.co.uk/mobile-apps-can-boost-child-health/,0,15,0%,41
https://miratrix.co.uk/amazon-unveils-ai-platform/,0,15,0%,42.87
https://miratrix.co.uk/blog/page/10/,0,15,0%,44.73
https://miratrix.co.uk/tag/sleep-ninja-app/,0,15,0%,45.53
https://miratrix.co.uk/tag/aso/page/6/?SuperSocializerAuth=LiveJournal,0,15,0%,53.8
https://miratrix.co.uk/big-news-from-the-big-guys/,0,15,0%,53.93
https://miratrix.co.uk/life-after-kickstarter/,0,15,0%,54.67
https://miratrix.co.uk/tag/family-guy-the-quest-for-stuff/,0,15,0%,56.2
https://miratrix.co.uk/tag/tamagotchi-app/,0,15,0%,57.33
https://miratrix.co.uk/tag/pay-in-aisle/,0,15,0%,60.2
https://miratrix.co.uk/tag/apptentive/,0,15,0%,65.93
https://miratrix.co.uk/tag/gett-taxi-app/,0,15,0%,71.33
https://miratrix.co.uk/tag/mobile-banking-apps/,0,15,0%,137.6
https://miratrix.co.uk/tag/miratrix/page/10/,0,14,0%,12.29
https://miratrix.co.uk/skills-marketer-future/skills-markter-of-the-future/,0,14,0%,15.71
https://miratrix.co.uk/seo-for-mobile-app-user-acquisition/,0,14,0%,19.36
https://miratrix.co.uk/tag/changify/,0,14,0%,28
https://miratrix.co.uk/tag/app-store-optimisation/page/10/?SuperSocializerAuth=LiveJournal,0,14,0%,28.14
https://miratrix.co.uk/blog/page/15/,0,14,0%,31.5
https://miratrix.co.uk/weekly-round-up-12/,0,14,0%,36.79
https://miratrix.co.uk/tag/facebook-account-kit/,0,14,0%,38.43
https://miratrix.co.uk/tag/miratrix/page/11/,0,14,0%,39.36
https://miratrix.co.uk/business-app-use-rise/,0,14,0%,39.57
https://miratrix.co.uk/blog/page/27/,0,14,0%,41.5
https://miratrix.co.uk/tag/memrise/,0,14,0%,42.43
https://miratrix.co.uk/global-app-downloads-reach-record-levels/,0,14,0%,45.36
https://miratrix.co.uk/christmas-app-marketing-research/,0,14,0%,45.79
https://miratrix.co.uk/tag/alphonso/,0,14,0%,49.79
https://miratrix.co.uk/quick-tips-initial-user-retention-mtx50/,0,14,0%,53.86
https://miratrix.co.uk/blog/page/38/,0,14,0%,59
https://miratrix.co.uk/users-want-more-mobile-apps/,0,14,0%,62.57
https://miratrix.co.uk/tag/android-instant-apps/,0,14,0%,62.93
https://miratrix.co.uk/tag/app-store-optimisation/page/4/,0,14,0%,64.64
https://miratrix.co.uk/tag/viper/,0,14,0%,69.5
https://miratrix.co.uk/tag/phablet/,0,14,0%,70.07
https://miratrix.co.uk/tag/guardian-mobile-app/,0,14,0%,70.21
https://miratrix.co.uk/window-shopping/,0,14,0%,73.57
https://miratrix.co.uk/miratrix-23-golden-square-london-w1f-9jp/golden-square-london/,0,13,0%,14.31
https://miratrix.co.uk/analytics-and-investments/selfie-age-pic/,0,13,0%,16
https://miratrix.co.uk/mobile-video-apps-get-boost/,0,13,0%,17.54
https://miratrix.co.uk/blog/page/22/,0,13,0%,20.23
https://miratrix.co.uk/blog/page/13/?s,0,13,0%,21.69
https://miratrix.co.uk/top-methods-for-app-customer-retention/,0,13,0%,28.23
https://miratrix.co.uk/tag/app-store-optimization/page/7/,0,13,0%,41.38
https://miratrix.co.uk/tag/airdroid-security/,0,13,0%,45.77
https://miratrix.co.uk/tag/halifax/,0,13,0%,62.69
https://miratrix.co.uk/tag/ios/,0,13,0%,63.92
https://miratrix.co.uk/tag/sharepoint/,0,13,0%,66.62
https://miratrix.co.uk/tag/mobiquity/,0,13,0%,69.31
https://miratrix.co.uk/tag/teensafe-app/,0,13,0%,69.92
https://miratrix.co.uk/high-street-vs-internet-round-1/,0,13,0%,75.77
https://miratrix.co.uk/tag/flux/,0,13,0%,78.15
https://miratrix.co.uk/tag/dr-love-app-congo/,0,12,0%,20.58
https://miratrix.co.uk/new-app-store-feature-will-it-affect-you/,0,12,0%,22.42
https://miratrix.co.uk/blog/page/4/,0,12,0%,23.25
https://miratrix.co.uk/tag/hsbc-banking-app/,0,12,0%,25.67
https://miratrix.co.uk/report-reveals-smartphone-platform-use/,0,12,0%,29
https://miratrix.co.uk/category/mtx-noisy-video/page/2/,0,12,0%,29.5
https://miratrix.co.uk/tag/app-cpi/,0,12,0%,35.83
https://miratrix.co.uk/category/miratrix/page/9/,0,12,0%,36.92
https://miratrix.co.uk/weekly-round-up/,0,12,0%,38.33
https://miratrix.co.uk/tag/flutter-tool/,0,12,0%,38.42
https://miratrix.co.uk/seo-is-as-dead-as-a-zombie/,0,12,0%,39.42
https://miratrix.co.uk/blog/page/25/,0,12,0%,42.25
https://miratrix.co.uk/blog/page/12/,0,12,0%,52.75
https://miratrix.co.uk/tag/glasswire/,0,12,0%,56.58
https://miratrix.co.uk/tag/blue-whale-apps/,0,12,0%,56.67
https://miratrix.co.uk/blog/page/29/,0,12,0%,59.25
https://miratrix.co.uk/tag/tinyco/,0,12,0%,67
https://miratrix.co.uk/tag/zoopark-malware/,0,12,0%,68.83
https://miratrix.co.uk/tag/unlocked-blu-phones/,0,12,0%,69.75
https://miratrix.co.uk/tag/mobile-app-fraud/,0,12,0%,73.17
https://miratrix.co.uk/tag/cashless-payments/,0,12,0%,92.17
https://miratrix.co.uk/the-united-states-of-app-merica/cash-register/,0,11,0%,5.27
https://miratrix.co.uk/blog/page/18/,0,11,0%,10.82
https://miratrix.co.uk/black-hat-aso-malware/shuabang-flow/,0,11,0%,15.64
https://miratrix.co.uk/police-warrant-accessing-phones/,0,11,0%,17.55
https://miratrix.co.uk/skills-marketer-future/,0,11,0%,19.73
https://miratrix.co.uk/clash-royale-600-app-reviews-beta/clash-royale-app-reviews/,0,11,0%,20.64
https://miratrix.co.uk/tag/app-store-optimization/page/5/,0,11,0%,21.64
https://miratrix.co.uk/category/miratrix/page/3/,0,11,0%,24.82
https://miratrix.co.uk/category/app-of-the-week/,0,11,0%,28.73
https://miratrix.co.uk/making-a-difference/,0,11,0%,30.73
https://miratrix.co.uk/tag/aso/page/6/,0,11,0%,32.45
https://miratrix.co.uk/category/miratrix/page/13/,0,11,0%,32.91
https://miratrix.co.uk/tag/mobile-banking/,0,11,0%,34.27
https://miratrix.co.uk/tag/android/,0,11,0%,34.45
https://miratrix.co.uk/tag/aso/page/9/,0,11,0%,45.18
https://miratrix.co.uk/tag/yingmob/,0,11,0%,49.73
https://miratrix.co.uk/category/miratrix/page/11/,0,11,0%,52.45
https://miratrix.co.uk/tag/aso/page/4/,0,11,0%,52.45
https://miratrix.co.uk/tag/google-replay/,0,11,0%,54.36
https://miratrix.co.uk/tag/aso/page/2/,0,11,0%,56.73
https://miratrix.co.uk/tag/hailo/,0,11,0%,58.91
https://miratrix.co.uk/category/seo/,0,11,0%,59.55
https://miratrix.co.uk/tag/nissan-juke/,0,11,0%,65.09
https://miratrix.co.uk/tag/skype-wifi-service/,0,11,0%,70.27
https://miratrix.co.uk/tag/flightradar24/,0,11,0%,73.36
https://miratrix.co.uk/star-power/jared-leto-as-the-joker/,0,10,0%,5.5
https://miratrix.co.uk/category/miratrix/page/5/,0,10,0%,15.4
https://miratrix.co.uk/tag/app-store-optimisation/page/8/,0,10,0%,18.4
https://miratrix.co.uk/blog/page/14/,0,10,0%,20.4
https://miratrix.co.uk/tag/chinese-phone-farms/,0,10,0%,26.6
https://miratrix.co.uk/tag/paysafe/,0,10,0%,27.2
https://miratrix.co.uk/category/the-weekly-noise/page/9/?SuperSocializerAuth=LiveJournal,0,10,0%,41.4
https://miratrix.co.uk/new-daydream-vr-to-be-launched/,0,10,0%,47.4
https://miratrix.co.uk/category/app-marketing/app-store-optimization/page/2/,0,10,0%,52.2
https://miratrix.co.uk/tag/app-store-optimization/page/4/,0,10,0%,53.6
https://miratrix.co.uk/category/app-marketing/page/6/,0,10,0%,54.9
https://miratrix.co.uk/bank-available-phone-app-continues-success/,0,10,0%,58
https://miratrix.co.uk/youtube-gaming/,0,10,0%,59.7
https://miratrix.co.uk/tag/mobile-cpi/,0,10,0%,61.1
https://miratrix.co.uk/tag/royal-bank-of-scotland/,0,10,0%,62
https://miratrix.co.uk/tag/crime-reporting-app/,0,10,0%,72.5
https://miratrix.co.uk/tag/mario-kart-tour-app/,0,10,0%,75
https://miratrix.co.uk/tag/social-networks/,0,10,0%,83.1
https://miratrix.co.uk/tag/snapchat/,0,10,0%,83.4
https://miratrix.co.uk/weekly-round-up-2/,0,10,0%,87.3
https://miratrix.co.uk/#?utm_source=nav&utm_medium=traffic&utm_campaign=datatools,0,9,0%,3.22
https://miratrix.co.uk/blog/page/9/,0,9,0%,17
https://miratrix.co.uk/blog/page/28/,0,9,0%,19.67
https://miratrix.co.uk/blog/page/5/?s,0,9,0%,21
https://miratrix.co.uk/tag/eu-immigration-app/,0,9,0%,21.33
https://miratrix.co.uk/blog/page/7/,0,9,0%,22
https://miratrix.co.uk/tag/the-charlatans/,0,9,0%,22.11
https://miratrix.co.uk/category/miratrix/page/22/,0,9,0%,22.33
https://miratrix.co.uk/category/miratrix/page/15/?SuperSocializerAuth=LiveJournal,0,9,0%,22.89
https://miratrix.co.uk/author/nduddy/page/6/,0,9,0%,25.22
https://miratrix.co.uk/tag/app-store-optimization/page/3/,0,9,0%,27.89
https://miratrix.co.uk/tag/novartis-app/,0,9,0%,30.56
https://miratrix.co.uk/tag/progressive-web-apps/,0,9,0%,34.78
https://miratrix.co.uk/category/app-marketing/page/8/,0,9,0%,37.78
https://miratrix.co.uk/tag/fortnite-app/,0,9,0%,45.22
https://miratrix.co.uk/category/app-store-optimization/page/2/,0,9,0%,47.11
https://miratrix.co.uk/tag/hsbc-facial-recognition/,0,9,0%,47.44
https://miratrix.co.uk/tag/strava-security/,0,9,0%,56.78
https://miratrix.co.uk/tag/kpms/,0,9,0%,57.78
https://miratrix.co.uk/chinese-app-store-spam/chinese-app-store-spam/,0,9,0%,62.44
https://miratrix.co.uk/tag/laundry-check/,0,9,0%,65.11
https://miratrix.co.uk/blog/page/43/,0,9,0%,68.78
https://miratrix.co.uk/tag/whatsapp-payments/,0,9,0%,88.89
https://miratrix.co.uk/tag/mobile-gambling/,0,9,0%,184.56
https://miratrix.co.uk/star-power/alexa-chung/,0,8,0%,4.75
https://miratrix.co.uk/social-club/snapchat-logo/,0,8,0%,5.5
https://miratrix.co.uk/category/news/,0,8,0%,14.62
https://miratrix.co.uk/tag/augmented-reality/,0,8,0%,15.75
https://miratrix.co.uk/category/app-marketing/page/5/,0,8,0%,16.12
https://miratrix.co.uk/tag/app-store-optimisation/page/3/,0,8,0%,16.25
https://miratrix.co.uk/the-weekly-noise-3/,0,8,0%,16.62
https://miratrix.co.uk/blog/page/8/?SuperSocializerAuth=LiveJournal,0,8,0%,25.5
https://miratrix.co.uk/tag/agis/,0,8,0%,28.75
https://miratrix.co.uk/tag/google-app-indexing/,0,8,0%,29
https://miratrix.co.uk/blog/page/21/?s,0,8,0%,30.75
https://miratrix.co.uk/blog/page/32/,0,8,0%,32.5
https://miratrix.co.uk/tag/android/page/2/,0,8,0%,33.75
https://miratrix.co.uk/category/app-store-news/,0,8,0%,37.5
https://miratrix.co.uk/tag/sainsbury-app/,0,8,0%,38.38
https://miratrix.co.uk/category/the-weekly-noise/page/13/,0,8,0%,39.38
https://miratrix.co.uk/category/miratrix/page/8/,0,8,0%,41.38
https://miratrix.co.uk/category/the-weekly-noise/page/4/,0,8,0%,45.25
https://miratrix.co.uk/tag/pothole-app/,0,8,0%,46.5
https://miratrix.co.uk/tag/adware/,0,8,0%,47.12
https://miratrix.co.uk/tag/windows-10-mobile/,0,8,0%,61.12
https://miratrix.co.uk/tag/sega-forever-collection/,0,8,0%,65.75
https://miratrix.co.uk/uk-drivers-see-new-safe-software-phones-introduced/,0,8,0%,67.12
https://miratrix.co.uk/tag/goodsam-app/,0,8,0%,68.75
https://miratrix.co.uk/tag/police-fingerprint-app/,0,8,0%,71.62
https://miratrix.co.uk/tag/mixer-create-app/,0,8,0%,79.88
https://miratrix.co.uk/tag/wirex-botnet/,0,8,0%,84.62
https://miratrix.co.uk/tag/capture-email-address/,0,8,0%,127.62
https://miratrix.co.uk/category/miratrix/page/20/?SuperSocializerAuth=LiveJournal,0,7,0%,10.71
https://miratrix.co.uk/tag/faketoken-malware/,0,7,0%,12.86
https://miratrix.co.uk/marketing-apps-at-christmas/christmas-app-marketing-2/,0,7,0%,15
https://miratrix.co.uk/blog/page/7/?s&SuperSocializerAuth=LiveJournal,0,7,0%,17
https://miratrix.co.uk/tag/oyoty-app/,0,7,0%,18.29
https://miratrix.co.uk/the-app-store-times-issue-4/,0,7,0%,18.86
https://miratrix.co.uk/tag/seem-system/,0,7,0%,19.29
https://miratrix.co.uk/blog/page/8/,0,7,0%,19.43
https://miratrix.co.uk/tag/ultimate-karma-app/,0,7,0%,19.71
https://miratrix.co.uk/blog/page/30/,0,7,0%,20.29
https://miratrix.co.uk/tag/aso/page/12/?SuperSocializerAuth=LiveJournal,0,7,0%,20.43
https://miratrix.co.uk/tag/grdian/,0,7,0%,21.57
https://miratrix.co.uk/tag/aso/page/7/,0,7,0%,27.14
https://miratrix.co.uk/tag/ultrasonic/,0,7,0%,28.14
https://miratrix.co.uk/ios-9-spotlight-a-deeper-dive/ios-9-spotlight-deep-dive/,0,7,0%,29.43
https://miratrix.co.uk/tag/mobile-banking-apps/?SuperSocializerAuth=LiveJournal,0,7,0%,32.43
https://miratrix.co.uk/tag/app-marketing/page/8/,0,7,0%,34.43
https://miratrix.co.uk/tag/pokemongo/,0,7,0%,39
https://miratrix.co.uk/tag/advertising/,0,7,0%,41.29
https://miratrix.co.uk/tag/apps/,0,7,0%,42.86
https://miratrix.co.uk/category/miratrix/page/4/,0,7,0%,43.43
https://miratrix.co.uk/tag/xavier-malware/,0,7,0%,45
https://miratrix.co.uk/tag/miratrix/page/8/,0,7,0%,47.86
https://miratrix.co.uk/tag/twemojis/,0,7,0%,53.14
https://miratrix.co.uk/get-app-installs-from-upwork-mtx8/custome-noise-video-150101/,0,7,0%,56.71
https://miratrix.co.uk/tag/slave-trade-prevention-app/,0,7,0%,56.86
https://miratrix.co.uk/blog/page/17/?s,0,7,0%,57
https://miratrix.co.uk/copywriters-versus-someone-what-thinks-he-can-rite/,0,7,0%,58.57
https://miratrix.co.uk/tag/apple-marzipan-project/,0,7,0%,60.14
https://miratrix.co.uk/tag/seem-semen-analysis/,0,7,0%,62.29
https://miratrix.co.uk/weekly-round-up-8/,0,7,0%,62.57
https://miratrix.co.uk/tag/airdroid/,0,7,0%,71.14
https://miratrix.co.uk/tag/barclaycard-shopping-app/,0,7,0%,71.14
https://miratrix.co.uk/category/uncategorized/,0,7,0%,74.57
https://miratrix.co.uk/app-marketing-tool/,0,7,0%,80.43
https://miratrix.co.uk/tag/apps-world/,0,7,0%,81.29
https://miratrix.co.uk/author/nduddy/page/3/,0,6,0%,5.33
https://miratrix.co.uk/category/the-weekly-noise/page/9/,0,6,0%,7
https://miratrix.co.uk/tag/ikoolo-app/,0,6,0%,8.5
https://miratrix.co.uk/category/the-weekly-noise/page/7/,0,6,0%,9.83
https://miratrix.co.uk/mtx3-mobile-apention-numbers/app-noise-video-30112015/,0,6,0%,17
https://miratrix.co.uk/blog/page/26/,0,6,0%,19.33
https://miratrix.co.uk/category/miratrix/page/15/,0,6,0%,20.33
https://miratrix.co.uk/category/miratrix/page/12/?SuperSocializerAuth=LiveJournal,0,6,0%,24.17
https://miratrix.co.uk/tag/app-marketing/page/10/,0,6,0%,24.5
https://miratrix.co.uk/tag/miratrix/page/3/,0,6,0%,25.5
https://miratrix.co.uk/tag/app-marketing/page/4/,0,6,0%,25.83
https://miratrix.co.uk/tag/app-marketing/page/5/,0,6,0%,26.33
https://miratrix.co.uk/tag/steam-app-blocked/,0,6,0%,27.67
https://miratrix.co.uk/blog/page/19/,0,6,0%,30.17
https://miratrix.co.uk/tag/miratrix/page/7/,0,6,0%,30.83
https://miratrix.co.uk/tag/facebook-ads/,0,6,0%,33.67
https://miratrix.co.uk/blog/page/27/?s,0,6,0%,34.33
https://miratrix.co.uk/tag/miratrix/page/8/?SuperSocializerAuth=LiveJournal,0,6,0%,36.5
https://miratrix.co.uk/blog/page/27/?s&SuperSocializerAuth=LiveJournal,0,6,0%,38.5
https://miratrix.co.uk/category/mtx-noisy-video/page/5/,0,6,0%,40.17
https://miratrix.co.uk/tag/ois/,0,6,0%,41.67
https://miratrix.co.uk/tag/malware-blackmail/,0,6,0%,42.67
https://miratrix.co.uk/aps-berlin-2015-my-best-bits/app-marketing-video-0412201/,0,6,0%,43.83
https://miratrix.co.uk/blog/page/24/?s,0,6,0%,46.67
https://miratrix.co.uk/we-need-to-talk-about-apple/,0,6,0%,46.67
https://miratrix.co.uk/tag/barclaycard/,0,6,0%,48.67
https://miratrix.co.uk/blog/page/12/?SuperSocializerAuth=LiveJournal,0,6,0%,49.5
https://miratrix.co.uk/tag/wechat/,0,6,0%,50.67
https://miratrix.co.uk/tag/springbot/,0,6,0%,54.67
https://miratrix.co.uk/tag/ivms/,0,6,0%,56.33
https://miratrix.co.uk/tag/kaymera-pixel/,0,6,0%,59
https://miratrix.co.uk/tag/playlink/,0,6,0%,60.67
https://miratrix.co.uk/tag/apps-build-database/,0,6,0%,62.67
https://miratrix.co.uk/15-apps-to-try-during-rugby-world-cup-2015/55af222a-1075-4155-89bf-1a99efac9a85/,0,6,0%,62.83
https://miratrix.co.uk/category/app-marketing/page/3/,0,6,0%,66.83
https://miratrix.co.uk/tag/mobyaffiliates/,0,6,0%,66.83
https://miratrix.co.uk/tag/gory-app/,0,6,0%,67.83
https://miratrix.co.uk/blog/page/29/?s,0,6,0%,71.83
https://miratrix.co.uk/tag/plane-tracking-app/,0,6,0%,72
https://miratrix.co.uk/tag/app-peak/,0,6,0%,103.33
https://miratrix.co.uk/tag/gmail-snooze-button/,0,6,0%,119.33
https://miratrix.co.uk/tag/share-trading-apps/,0,6,0%,135.5
https://miratrix.co.uk/tag/app-marketing/,0,5,0%,8.8
https://miratrix.co.uk/tag/miratrix/page/13/,0,5,0%,9.6
https://miratrix.co.uk/blog/page/23/,0,5,0%,9.8
https://miratrix.co.uk/blog/page/37/,0,5,0%,10.2
https://miratrix.co.uk/category/miratrix/page/23/,0,5,0%,11.8
https://miratrix.co.uk/tag/trackers/,0,5,0%,14.4
https://miratrix.co.uk/category/mtx-noisy-video/page/3/,0,5,0%,18.4
https://miratrix.co.uk/weekly-round-up-3/,0,5,0%,19.2
https://miratrix.co.uk/author/nduddy/page/7/,0,5,0%,21.4
https://miratrix.co.uk/tag/snapchat-location-safety/,0,5,0%,21.6
https://miratrix.co.uk/tag/olio/,0,5,0%,22
https://miratrix.co.uk/category/miratrix/page/12/,0,5,0%,23.8
https://miratrix.co.uk/category/the-weekly-noise/page/11/?SuperSocializerAuth=LiveJournal,0,5,0%,23.8
https://miratrix.co.uk/tag/app-store-optimisation/page/6/,0,5,0%,24
https://miratrix.co.uk/tag/app-store-optimisation/page/2/,0,5,0%,26
https://miratrix.co.uk/category/miratrix/page/14/,0,5,0%,26.6
https://miratrix.co.uk/tag/google-chatbot/,0,5,0%,27.4
https://miratrix.co.uk/tag/children-smartphones/,0,5,0%,31.8
https://miratrix.co.uk/category/app-store-optimization/page/3/,0,5,0%,32.2
https://miratrix.co.uk/tag/google-app-index/,0,5,0%,33.8
https://miratrix.co.uk/why-businesses-need-mobile-phone-apps/,0,5,0%,34.6
https://miratrix.co.uk/aps-london-2016-app-data-deck/aps-london-2016-big-data-bl/,0,5,0%,36.2
https://miratrix.co.uk/weekly-round-up-5/,0,5,0%,36.4
https://miratrix.co.uk/tag/appsflyer/,0,5,0%,39
https://miratrix.co.uk/tag/app-keywords/,0,5,0%,40.8
https://miratrix.co.uk/blog/page/29/?SuperSocializerAuth=LiveJournal,0,5,0%,41.4
https://miratrix.co.uk/tag/facebook-messenger/,0,5,0%,42.6
https://miratrix.co.uk/tag/affiliatefest/?SuperSocializerAuth=LiveJournal,0,5,0%,44.4
https://miratrix.co.uk/blog/page/41/,0,5,0%,45.6
https://miratrix.co.uk/tag/nexus/,0,5,0%,46.4
https://miratrix.co.uk/tag/app-store-optimization/page/7/?SuperSocializerAuth=LiveJournal,0,5,0%,46.8
https://miratrix.co.uk/tag/twitter-fabric/,0,5,0%,52
https://miratrix.co.uk/tag/cat-protection-app/,0,5,0%,52.8
https://miratrix.co.uk/tag/twilo-inc/,0,5,0%,53.4
https://miratrix.co.uk/tag/public-health-england-app/,0,5,0%,55
https://miratrix.co.uk/tag/prescription-app/,0,5,0%,56.6
https://miratrix.co.uk/tag/unlockd/,0,5,0%,57.2
https://miratrix.co.uk/tag/cyclemap/,0,5,0%,58.8
https://miratrix.co.uk/tag/alipay-payment-app/,0,5,0%,61.2
https://miratrix.co.uk/tag/bbc-childrens-app/,0,5,0%,64.2
https://miratrix.co.uk/tag/2017-popular-mobile-apps/,0,5,0%,66
https://miratrix.co.uk/tag/ticketmaster-app/,0,5,0%,67.2
https://miratrix.co.uk/tag/viber-messaging-service/,0,5,0%,67.4
https://miratrix.co.uk/tag/ai-type/,0,5,0%,67.8
https://miratrix.co.uk/tag/mobile-banking-app-security/,0,5,0%,69.8
https://miratrix.co.uk/tag/mobile-messaging-app/,0,5,0%,70.4
https://miratrix.co.uk/blog/page/16/,0,5,0%,74.2
https://miratrix.co.uk/tag/miratrix/page/6/,0,5,0%,79
https://miratrix.co.uk/tag/wetherspoon/,0,5,0%,80.2
https://miratrix.co.uk/tag/ofcom/,0,5,0%,80.8
https://miratrix.co.uk/tag/mobile-facial-recognition/,0,5,0%,82.2
https://miratrix.co.uk/tag/contactless-donation-boxes/,0,5,0%,90.4
https://miratrix.co.uk/blog/page/42/?s&SuperSocializerAuth=LiveJournal,0,5,0%,94.2
https://miratrix.co.uk/app-marketing-tool/?SuperSocializerAuth=LiveJournal,0,5,0%,99.6
https://miratrix.co.uk/never-mind-the-rankings-feel-the-content/,0,5,0%,103.8
https://miratrix.co.uk/tag/google-lens-ios/,0,5,0%,112.4
https://miratrix.co.uk/tag/facbook/,0,4,0%,8.25
https://miratrix.co.uk/tag/aso/page/10/,0,4,0%,10
https://miratrix.co.uk/windows-copy-apple-app-store-algorithm/windows-aso/,0,4,0%,12
https://miratrix.co.uk/tag/google-ar/,0,4,0%,15.25
https://miratrix.co.uk/tag/pokemon-go/,0,4,0%,16.25
https://miratrix.co.uk/author/nduddy/page/5/,0,4,0%,20.5
https://miratrix.co.uk/tag/reddrop-malware/,0,4,0%,24
https://miratrix.co.uk/tag/sup-messaging-app/,0,4,0%,26.25
https://miratrix.co.uk/tag/app-marketing/page/2/,0,4,0%,26.75
https://miratrix.co.uk/tag/air-ambulance-app/,0,4,0%,28
https://miratrix.co.uk/top-methods-for-app-customer-retention/app-user-retention-miratrix/,0,4,0%,28
https://miratrix.co.uk/weekly-round-up-7/,0,4,0%,28.75
https://miratrix.co.uk/halloween-apps-2015/night-terrors/,0,4,0%,30
https://miratrix.co.uk/blog/page/3/?s&SuperSocializerAuth=LiveJournal,0,4,0%,34
https://miratrix.co.uk/tag/aso-barcamp/,0,4,0%,34
https://miratrix.co.uk/tag/bank-app/,0,4,0%,36.5
https://miratrix.co.uk/tag/ikea-ar/,0,4,0%,36.5
https://miratrix.co.uk/tag/whistleblower-app/,0,4,0%,37.25
https://miratrix.co.uk/tag/yahoo-call-recognition/,0,4,0%,38.25
https://miratrix.co.uk/category/trends/,0,4,0%,40.75
https://miratrix.co.uk/tag/google-spy-apps/,0,4,0%,45.5
https://miratrix.co.uk/tag/strava-fitness-app/,0,4,0%,46.5
https://miratrix.co.uk/tag/insurance-claim-app/,0,4,0%,51
https://miratrix.co.uk/tag/meitu-privacy-concerns/,0,4,0%,53.25
https://miratrix.co.uk/tag/overwatch/,0,4,0%,53.25
https://miratrix.co.uk/tag/rottensys/,0,4,0%,53.25
https://miratrix.co.uk/mobile-app-competitor-analysis/quick-competitor-analysis/,0,4,0%,58.75
https://miratrix.co.uk/tag/number26-bank/,0,4,0%,59
https://miratrix.co.uk/weekly-round-up-9/,0,4,0%,60.25
https://miratrix.co.uk/tag/drive-safe-mode/,0,4,0%,62
https://miratrix.co.uk/tag/mobile-malware/,0,4,0%,62.25
https://miratrix.co.uk/tag/blink/,0,4,0%,62.75
https://miratrix.co.uk/tag/video/,0,4,0%,65
https://miratrix.co.uk/category/miratrix/page/21/,0,4,0%,65.5
https://miratrix.co.uk/weekly-round-up-11/,0,4,0%,71
https://miratrix.co.uk/tag/user-flow/,0,4,0%,73.75
https://miratrix.co.uk/tag/spyware-pre-installed/?SuperSocializerAuth=LiveJournal,0,4,0%,75.75
https://miratrix.co.uk/tag/venmo-app/,0,4,0%,75.75
https://miratrix.co.uk/tag/spying-apps/,0,4,0%,77
https://miratrix.co.uk/blog/page/38/?SuperSocializerAuth=LiveJournal,0,4,0%,80.25
https://miratrix.co.uk/tag/apple/page/2/,0,4,0%,81.25
https://miratrix.co.uk/tag/halifax-study/,0,4,0%,83.5
https://miratrix.co.uk/tag/facetime/,0,4,0%,95.75
https://miratrix.co.uk/tag/parental-control-software/,0,4,0%,114.5
https://miratrix.co.uk/analytics-and-investments/five-stars/,0,3,0%,3
https://miratrix.co.uk/making-a-difference/sidekick-cycle/,0,3,0%,5
https://miratrix.co.uk/blog/page/13/?SuperSocializerAuth=LiveJournal,0,3,0%,5.67
https://miratrix.co.uk/we-need-to-talk-about-apple/sara-cox/,0,3,0%,7
https://miratrix.co.uk/author/nduddy/page/18/,0,3,0%,7.67
https://miratrix.co.uk/tag/lightsout-malware/,0,3,0%,7.67
https://miratrix.co.uk/tag/sexting-alert/,0,3,0%,8
https://miratrix.co.uk/tag/competitor-analysis/,0,3,0%,10.33
https://miratrix.co.uk/tag/apps-while-dining-out/,0,3,0%,10.67
https://miratrix.co.uk/category/content-marketing/,0,3,0%,11
https://miratrix.co.uk/miratrix-23-golden-square-london-w1f-9jp/miratrix-golden-square/,0,3,0%,13.67
https://miratrix.co.uk/category/miratrix/page/25/?SuperSocializerAuth=LiveJournal,0,3,0%,17
https://miratrix.co.uk/pay-for-tinder-dating-app/pay-for-tinder-dating-app-2/,0,3,0%,17
https://miratrix.co.uk/tag/coventry-commuters/,0,3,0%,17.33
https://miratrix.co.uk/tag/android-panic-mode/,0,3,0%,23.67
https://miratrix.co.uk/tag/app-reviews/,0,3,0%,23.67
https://miratrix.co.uk/tag/lifering/,0,3,0%,24
https://miratrix.co.uk/tag/dominos-pizza-app/?SuperSocializerAuth=LiveJournal,0,3,0%,24.33
https://miratrix.co.uk/tag/ea/,0,3,0%,27.67
https://miratrix.co.uk/tag/tesco-parking-app/,0,3,0%,28.67
https://miratrix.co.uk/author/nduddy/page/14/,0,3,0%,30
https://miratrix.co.uk/tag/iris-scanner/,0,3,0%,30.33
https://miratrix.co.uk/tag/seasonal-keywords/,0,3,0%,30.67
https://miratrix.co.uk/tag/wishbone-hacked/,0,3,0%,32.33
https://miratrix.co.uk/tag/hootsuite/,0,3,0%,33
https://miratrix.co.uk/tag/brits-shopping-apps/,0,3,0%,34
https://miratrix.co.uk/tag/twitch-streaming-service/,0,3,0%,35
https://miratrix.co.uk/how-to-run-a-kickstarter-campaign/,0,3,0%,38.33
https://miratrix.co.uk/blog/page/19/?s,0,3,0%,39.33
https://miratrix.co.uk/tag/google-messenger/,0,3,0%,40.33
https://miratrix.co.uk/tag/ncsa/,0,3,0%,41.33
https://miratrix.co.uk/tag/blu/,0,3,0%,41.67
https://miratrix.co.uk/tag/app-store-optimization/page/10/?SuperSocializerAuth=LiveJournal,0,3,0%,45
https://miratrix.co.uk/tag/nhs-england/,0,3,0%,45
https://miratrix.co.uk/blog/page/35/,0,3,0%,46
https://miratrix.co.uk/tag/youtube/,0,3,0%,48
https://miratrix.co.uk/aso-keyword-title-in-app-store-yesno/keyword-app-store-title/,0,3,0%,48.33
https://miratrix.co.uk/social-club/kanye-chain/,0,3,0%,49.67
https://miratrix.co.uk/tag/nhs-messaging-service/,0,3,0%,50
https://miratrix.co.uk/tag/replyasap-app/,0,3,0%,52
https://miratrix.co.uk/tag/apple-find-my-friends-app/,0,3,0%,52.67
https://miratrix.co.uk/tag/blackberry/,0,3,0%,54.33
https://miratrix.co.uk/tag/robin-labs/,0,3,0%,54.33
https://miratrix.co.uk/tag/bandai/,0,3,0%,54.67
https://miratrix.co.uk/app-overlap-does-it-matter/app-share-post/,0,3,0%,55
https://miratrix.co.uk/candy-crush-ads-london/imag0027/,0,3,0%,58.67
https://miratrix.co.uk/tag/ecommerce-apps/,0,3,0%,59.33
https://miratrix.co.uk/app-review-mining-tool-listing-page/custome-noise-video-220101/,0,3,0%,59.67
https://miratrix.co.uk/tag/deutsche-bank-staff-ban/,0,3,0%,59.67
https://miratrix.co.uk/tag/guardian-vr/,0,3,0%,60.33
https://miratrix.co.uk/tag/magento-social/,0,3,0%,60.33
https://miratrix.co.uk/tag/charity-apps/,0,3,0%,61
https://miratrix.co.uk/tag/content-marketing-2/,0,3,0%,61.67
https://miratrix.co.uk/tag/errant-parkers/,0,3,0%,62.33
https://miratrix.co.uk/tag/apple-pay/,0,3,0%,64.67
https://miratrix.co.uk/tag/icon-testing/,0,3,0%,65.33
https://miratrix.co.uk/tag/paperless-nhs/,0,3,0%,68.67
https://miratrix.co.uk/tag/teensafe-leaking-data/,0,3,0%,68.67
https://miratrix.co.uk/tag/skype/,0,3,0%,69
https://miratrix.co.uk/tag/foodnfilm/,0,3,0%,69.33
https://miratrix.co.uk/tag/signal-encryption-app/,0,3,0%,71.33
https://miratrix.co.uk/tag/flashlight-apps/,0,3,0%,76.67
https://miratrix.co.uk/tag/success/,0,3,0%,82.67
https://miratrix.co.uk/tag/mcdonalds-pay-ahead-app/,0,3,0%,83
https://miratrix.co.uk/tag/gopro-app/,0,3,0%,86
https://miratrix.co.uk/tag/mastercard/,0,3,0%,86
https://miratrix.co.uk/tag/universal-ads/,0,3,0%,89.67
https://miratrix.co.uk/tag/icon-testing/?SuperSocializerAuth=LiveJournal,0,3,0%,90.67
https://miratrix.co.uk/tag/adobe-scan-app/,0,3,0%,93
https://miratrix.co.uk/tag/military-fitness-apps/,0,3,0%,94.67
https://miratrix.co.uk/tag/google-files-go-app/,0,3,0%,95.33
https://miratrix.co.uk/tag/fabric-app-developer/,0,3,0%,96
https://miratrix.co.uk/tag/fraudulent-apps/,0,3,0%,96.33
https://miratrix.co.uk/tag/voice-enabled/,0,3,0%,151
https://miratrix.co.uk/blog/page/8/?s&SuperSocializerAuth=LiveJournal,0,2,0%,1.5
https://miratrix.co.uk/tag/bus-payment-app/,0,2,0%,3.5
https://miratrix.co.uk/tag/remove-iranian-apps/?SuperSocializerAuth=LiveJournal,0,2,0%,4.5
https://miratrix.co.uk/category/miratrix/page/16/,0,2,0%,5.5
https://miratrix.co.uk/tag/voicegesture-app/,0,2,0%,5.5
https://miratrix.co.uk/blog/page/19/?SuperSocializerAuth=LiveJournal,0,2,0%,6
https://miratrix.co.uk/tag/health-apps/,0,2,0%,6
https://miratrix.co.uk/tag/miratrix/page/7/?SuperSocializerAuth=LiveJournal,0,2,0%,6
https://miratrix.co.uk/category/the-weekly-noise/page/13/?SuperSocializerAuth=LiveJournal,0,2,0%,6.5
https://miratrix.co.uk/tag/app-store-optimization/page/8/,0,2,0%,6.5
https://miratrix.co.uk/aps-berlin-2014/twitters-aha-moment/,0,2,0%,7
https://miratrix.co.uk/tag/food-delivery-smart-tv-app/,0,2,0%,7
https://miratrix.co.uk/tag/fuel-app/,0,2,0%,7
https://miratrix.co.uk/tag/seasonal-app/,0,2,0%,7
https://miratrix.co.uk/tag/teenagers-phone-use/?SuperSocializerAuth=LiveJournal,0,2,0%,7
https://miratrix.co.uk/category/the-weekly-noise/page/6/,0,2,0%,7.5
https://miratrix.co.uk/tag/binge-drinking-app/,0,2,0%,8
https://miratrix.co.uk/the-united-states-of-app-merica/step-brothers/,0,2,0%,8.5
https://miratrix.co.uk/tag/phone-while-driving/page/2/,0,2,0%,9
https://miratrix.co.uk/tag/sebastian-nop/,0,2,0%,9
https://miratrix.co.uk/tag/paypal/,0,2,0%,9.5
https://miratrix.co.uk/tag/app-store-clear-out/,0,2,0%,10
https://miratrix.co.uk/candy-crush-ads-london/imag0029/,0,2,0%,10.5
https://miratrix.co.uk/tag/smombies/,0,2,0%,11.5
https://miratrix.co.uk/blog/page/43/?s,0,2,0%,12.5
https://miratrix.co.uk/tag/miratrix/page/5/?SuperSocializerAuth=LiveJournal,0,2,0%,12.5
https://miratrix.co.uk/tag/deceptive-health-apps/,0,2,0%,16
https://miratrix.co.uk/tag/affiliate-fest/,0,2,0%,17.5
https://miratrix.co.uk/tag/siri-security/,0,2,0%,18
https://miratrix.co.uk/tag/facebook/page/2/,0,2,0%,18.5
https://miratrix.co.uk/author/nduddy/page/11/,0,2,0%,19
https://miratrix.co.uk/tag/overseer/,0,2,0%,20
https://miratrix.co.uk/tag/mobile-hackers/,0,2,0%,21
https://miratrix.co.uk/tag/samsonite-app/,0,2,0%,23
https://miratrix.co.uk/tag/click-through-rate/,0,2,0%,23.5
https://miratrix.co.uk/tag/violent-childrens-apps/,0,2,0%,24
https://miratrix.co.uk/app-store-ab-testing-one-skew-to-watch-out-for/mobile-cpi-app-ab-test/,0,2,0%,28
https://miratrix.co.uk/tag/cqc/,0,2,0%,29
https://miratrix.co.uk/tag/wearable-tech/,0,2,0%,30
https://miratrix.co.uk/weekly-round-up-6/,0,2,0%,30.5
https://miratrix.co.uk/tag/android-pay-app/?SuperSocializerAuth=LiveJournal,0,2,0%,32
https://miratrix.co.uk/author/nduddy/page/16/,0,2,0%,33.5
https://miratrix.co.uk/author/nduddy/page/10/,0,2,0%,35.5
https://miratrix.co.uk/category/the-weekly-noise/page/8/?SuperSocializerAuth=LiveJournal,0,2,0%,35.5
https://miratrix.co.uk/what-is-content-marketing/,0,2,0%,40
https://miratrix.co.uk/tag/qualcom/,0,2,0%,41
https://miratrix.co.uk/blog/page/31/?SuperSocializerAuth=LiveJournal,0,2,0%,42
https://miratrix.co.uk/tag/dating-app-crimes/,0,2,0%,42.5
https://miratrix.co.uk/tag/app-store-optimization/page/10/,0,2,0%,43.5
https://miratrix.co.uk/tag/sega/,0,2,0%,43.5
https://miratrix.co.uk/tag/amazon/,0,2,0%,45.5
https://miratrix.co.uk/tag/malwarebytes/,0,2,0%,47
https://miratrix.co.uk/tag/adsense-malware/,0,2,0%,48
https://miratrix.co.uk/tag/blackberry-motion/,0,2,0%,48
https://miratrix.co.uk/tag/lyft/,0,2,0%,48
https://miratrix.co.uk/tag/apple-app-analytics/,0,2,0%,48.5
https://miratrix.co.uk/tag/android-exploit/,0,2,0%,49.5
https://miratrix.co.uk/tag/google-instant-apps/,0,2,0%,49.5
https://miratrix.co.uk/tag/iphone-x/,0,2,0%,49.5
https://miratrix.co.uk/tag/banking-apps/?SuperSocializerAuth=LiveJournal,0,2,0%,50.5
https://miratrix.co.uk/tag/tinder/,0,2,0%,51
https://miratrix.co.uk/tag/twitter-emojis/,0,2,0%,51
https://miratrix.co.uk/black-hat-aso-malware/blog-black-hat-aso/,0,2,0%,51.5
https://miratrix.co.uk/tag/dating-apps/,0,2,0%,52
https://miratrix.co.uk/tag/app-retention/,0,2,0%,52.5
https://miratrix.co.uk/tag/sega-mobile-games/,0,2,0%,52.5
https://miratrix.co.uk/category/miratrix/page/7/,0,2,0%,54.5
https://miratrix.co.uk/app-marketing-tool/app-marketing-tool-crowdfun/,0,2,0%,55
https://miratrix.co.uk/tag/pokemon-go-malicious-software/,0,2,0%,56
https://miratrix.co.uk/tag/affiliatefest/,0,2,0%,56.5
https://miratrix.co.uk/tag/snap-maps/,0,2,0%,57.5
https://miratrix.co.uk/tag/ios10-feature-apple-ios10-complaints/,0,2,0%,58.5
https://miratrix.co.uk/tag/trojan/,0,2,0%,58.5
https://miratrix.co.uk/tag/uber-malware/,0,2,0%,59
https://miratrix.co.uk/blog/page/6/?s,0,2,0%,59.5
https://miratrix.co.uk/tag/google-play-spam/,0,2,0%,59.5
https://miratrix.co.uk/category/miratrix/page/21/?SuperSocializerAuth=LiveJournal,0,2,0%,60
https://miratrix.co.uk/tag/ransonware/,0,2,0%,61.5
https://miratrix.co.uk/halloween-apps-2015/twd/,0,2,0%,63.5
https://miratrix.co.uk/tag/google-allo/,0,2,0%,63.5
https://miratrix.co.uk/tag/ultrasonic-cross-device-tones/,0,2,0%,64.5
https://miratrix.co.uk/tag/betting-app/,0,2,0%,66
https://miratrix.co.uk/tag/shopping-apps/,0,2,0%,67
https://miratrix.co.uk/tag/app-addiction/?SuperSocializerAuth=LiveJournal,0,2,0%,70
https://miratrix.co.uk/tag/qualcomm/,0,2,0%,71.5
https://miratrix.co.uk/tag/android-wear-2-0/,0,2,0%,72
https://miratrix.co.uk/tag/biometric-authentication/,0,2,0%,72.5
https://miratrix.co.uk/tag/npgc/,0,2,0%,72.5
https://miratrix.co.uk/category/kickstarter/?SuperSocializerAuth=LiveJournal,0,2,0%,74
https://miratrix.co.uk/tag/estate-agent-app/,0,2,0%,74
https://miratrix.co.uk/tag/fitness/,0,2,0%,74.5
https://miratrix.co.uk/tag/skype-app/?SuperSocializerAuth=LiveJournal,0,2,0%,75
https://miratrix.co.uk/tag/datally/,0,2,0%,79
https://miratrix.co.uk/tag/land-rover-explore-smartphone/,0,2,0%,81
https://miratrix.co.uk/tag/apple-search-ads-optimisation/,0,2,0%,82
https://miratrix.co.uk/tag/aps/,0,2,0%,82
https://miratrix.co.uk/tag/sup-app/,0,2,0%,82
https://miratrix.co.uk/tag/iris-recognition-software/,0,2,0%,84
https://miratrix.co.uk/tag/dr-now/,0,2,0%,88
https://miratrix.co.uk/tag/mobile-sales/,0,2,0%,89
https://miratrix.co.uk/tag/siri-apple-watch/,0,2,0%,90.5
https://miratrix.co.uk/tag/safari/,0,2,0%,91.5
https://miratrix.co.uk/tag/android-os/,0,2,0%,92.5
https://miratrix.co.uk/tag/small-business-mobile-apps/,0,2,0%,94.5
https://miratrix.co.uk/thank-you/,0,2,0%,94.5
https://miratrix.co.uk/tag/barclays-bank/,0,2,0%,95
https://miratrix.co.uk/tag/lac/,0,2,0%,96.5
https://miratrix.co.uk/tag/student-phone-usage/,0,2,0%,97.5
https://miratrix.co.uk/tag/microsoft-groupme/,0,2,0%,99
https://miratrix.co.uk/miratrix-clients/,0,2,0%,100
https://miratrix.co.uk/tag/uber-phone-booking/,0,2,0%,125.5
https://miratrix.co.uk/tag/aso/page/10/?SuperSocializerAuth=LiveJournal,0,2,0%,127.5
https://miratrix.co.uk/tag/banking-app/,0,2,0%,136.5
https://miratrix.co.uk/tag/facebook-lawsuit/,0,2,0%,236.5
https://miratrix.co.uk/amsterdam-apps-developer-alliance/app-noise-video-14122015/,0,1,0%,1
https://miratrix.co.uk/making-a-difference/beirut/,0,1,0%,1
https://miratrix.co.uk/tag/android-auto-app/,0,1,0%,1
https://miratrix.co.uk/tag/miratrix/page/6/?SuperSocializerAuth=LiveJournal,0,1,0%,1
https://miratrix.co.uk/blog/page/33/,0,1,0%,2
https://miratrix.co.uk/category/miratrix/page/18/,0,1,0%,2
https://miratrix.co.uk/tag/siri-flaw/,0,1,0%,2
https://miratrix.co.uk/blog/page/17/?s&SuperSocializerAuth=LiveJournal,0,1,0%,3
https://miratrix.co.uk/category/miratrix/page/5/?SuperSocializerAuth=LiveJournal,0,1,0%,3
https://miratrix.co.uk/get-in-touch/img_20171228_133205-min/,0,1,0%,3
https://miratrix.co.uk/making-a-difference/dumb-ways-to-die/,0,1,0%,3
https://miratrix.co.uk/tag/machine-learning/,0,1,0%,3
https://miratrix.co.uk/tag/scam-apps/,0,1,0%,3
https://miratrix.co.uk/basic-guide-surviving-app-store/screenshot-24/,0,1,0%,4
https://miratrix.co.uk/blog/page/20/?SuperSocializerAuth=LiveJournal,0,1,0%,4
https://miratrix.co.uk/blog/page/22/?SuperSocializerAuth=LiveJournal,0,1,0%,4
https://miratrix.co.uk/organic-app-growth/our-clients/,0,1,0%,4
https://miratrix.co.uk/tag/ar-android-phones/,0,1,0%,4
https://miratrix.co.uk/tag/bike-sharing-app/,0,1,0%,4
https://miratrix.co.uk/tag/miratrix/page/3/?SuperSocializerAuth=LiveJournal,0,1,0%,4
https://miratrix.co.uk/author/nduddy/page/15/,0,1,0%,5
https://miratrix.co.uk/author/nduddy/page/21/,0,1,0%,5
https://miratrix.co.uk/ios-9-what-spotlight-app-marketing/img_0300/,0,1,0%,5
https://miratrix.co.uk/pay-for-tinder-dating-app/img_0840/,0,1,0%,5
https://miratrix.co.uk/tag/foodnfilm-smart-tv-app/,0,1,0%,5
https://miratrix.co.uk/tag/mobile-app-retention/,0,1,0%,5
https://miratrix.co.uk/meeting-news-users/getting-app-users-real/,0,1,0%,6
https://miratrix.co.uk/tag/apigee-google/,0,1,0%,6
https://miratrix.co.uk/tag/brits-shopping-apps/?SuperSocializerAuth=LiveJournal,0,1,0%,6
https://miratrix.co.uk/tag/satnav/,0,1,0%,6
https://miratrix.co.uk/tag/teen-app/,0,1,0%,6
https://miratrix.co.uk/blog/page/11/,0,1,0%,7
https://miratrix.co.uk/blog/page/22/?s,0,1,0%,7
https://miratrix.co.uk/images-in-app-success/selfie/,0,1,0%,7
https://miratrix.co.uk/tag/alexa-for-android/,0,1,0%,7
https://miratrix.co.uk/tag/apteligent/?SuperSocializerAuth=LiveJournal,0,1,0%,7
https://miratrix.co.uk/tag/falseguide/,0,1,0%,7
https://miratrix.co.uk/tag/satnav/?SuperSocializerAuth=LiveJournal,0,1,0%,7
https://miratrix.co.uk/blog/page/20/?s,0,1,0%,8
https://miratrix.co.uk/blog/page/23/?s,0,1,0%,8
https://miratrix.co.uk/category/miratrix/page/19/?SuperSocializerAuth=LiveJournal,0,1,0%,8
https://miratrix.co.uk/tag/apteligent/,0,1,0%,8
https://miratrix.co.uk/tag/cortana/?SuperSocializerAuth=LiveJournal,0,1,0%,8